state,year,total,D,R,R_pv2p,D_pv2p
Alabama,1976,1182850,659170,504070,43.33327602214504,56.66672397785496
Alabama,1980,1341929,636730,654192,50.67633830703947,49.323661692960535
Alabama,1984,1441713,551899,872849,61.26339535131827,38.736604648681734
Alabama,1988,1378476,549506,815576,59.74556839808891,40.254431601911094
Alabama,1992,1688060,690080,804283,53.82112645990298,46.178873540097015
Alabama,1996,1534349,662165,769044,53.73387115368894,46.266128846311055
Alabama,2000,1666272,692611,941173,57.60694192133109,42.39305807866891
Alabama,2004,1883415,693933,1176394,62.89777135228225,37.10222864771775
Alabama,2008,2099819,813479,1266546,60.890902753572675,39.109097246427325
Alabama,2012,2074338,795696,1255925,61.216228533437715,38.78377146656229
Alabama,2016,2123372,729547,1318255,64.37414359396074,35.62585640603926
Alaska,1976,123574,44058,71555,61.891828773580826,38.108171226419174
Alaska,1980,158445,41842,86112,67.29918564484112,32.70081435515888
Alaska,1984,207605,62007,138377,69.05591264771638,30.944087352283617
Alaska,1988,200116,72584,119251,62.16331743425339,37.83668256574661
Alaska,1992,258506,78294,102000,56.57426203867018,43.42573796132983
Alaska,1996,241620,80380,122746,60.42850250583381,39.57149749416618
Alaska,2000,285560,79004,167398,67.93694856372919,32.06305143627081
Alaska,2004,312598,111025,190889,63.22628298124632,36.77371701875368
Alaska,2008,326197,123594,193841,61.064784916597105,38.9352150834029
Alaska,2012,300495,122640,164676,57.315290481560375,42.684709518439625
Alaska,2016,318608,116454,163387,58.38565471106807,41.61434528893193
Arizona,1976,742719,295602,418642,58.61330301689619,41.38669698310382
Arizona,1980,873945,246843,529688,68.21208683233509,31.78791316766491
Arizona,1984,1025897,333854,681416,67.116727570006,32.883272429993994
Arizona,1988,1171873,454029,702541,60.7434915309925,39.25650846900749
Arizona,1992,1486975,543050,572086,51.30190398301194,48.69809601698806
Arizona,1996,1404405,653288,622073,48.77622884814574,51.22377115185426
Arizona,2000,1532016,685341,781652,53.28259916713986,46.71740083286014
Arizona,2004,2012585,893524,1104294,55.275005030488266,44.72499496951174
Arizona,2008,2293475,1034707,1230111,54.31390071961633,45.68609928038368
Arizona,2012,2299254,1025232,1233654,54.61338022370319,45.38661977629681
Arizona,2016,2573165,1161167,1252401,51.89002340103946,48.10997659896054
Arkansas,1976,767535,498604,267903,34.951148521800846,65.04885147819915
Arkansas,1980,837582,398041,403164,50.31970594292348,49.68029405707653
Arkansas,1984,884406,338646,534774,61.227588101944086,38.77241189805592
Arkansas,1988,827738,349237,466578,57.19164271311511,42.8083572868849
Arkansas,1992,950653,505823,337324,40.007732933877485,59.992267066122515
Arkansas,1996,884262,475171,325416,40.64717513524451,59.35282486475548
Arkansas,2000,921781,422768,472940,52.80068951042081,47.19931048957919
Arkansas,2004,1054945,469953,572898,54.93574825166778,45.06425174833222
Arkansas,2008,1086617,422310,638017,60.17172061071726,39.82827938928274
Arkansas,2012,1069468,394409,647744,62.15440535122961,37.84559464877038
Arkansas,2016,1130635,380494,684872,64.28513768977047,35.714862310229535
California,1976,7803770,3742284,3882244,50.91782730681821,49.082172693181796
California,1980,8582938,3082943,4522994,59.46662455920947,40.53337544079053
California,1984,9505041,3922519,5467009,58.22453482219766,41.77546517780233
California,1988,9887065,4702233,5054917,51.80731053637588,48.19268946362411
California,1992,11131721,5121325,3630574,41.48327123062092,58.51672876937908
California,1996,10019469,5119835,3828381,42.78373476903106,57.21626523096894
California,2000,10965822,5861203,4567429,43.79701000092822,56.20298999907178
California,2004,12421353,6745485,5509826,44.958679547177546,55.041320452822454
California,2008,13561900,8274473,5011781,37.721550408414586,62.27844959158541
California,2012,13038547,7854285,4839958,38.12718883670338,61.872811163296625
California,2016,14181595,8753788,4483810,33.871779457270115,66.12822054272989
Colorado,1976,1081440,460801,584278,55.907543831614646,44.09245616838536
Colorado,1980,1184450,368009,652264,63.9303402128646,36.06965978713541
Colorado,1984,1295380,454975,821817,64.3657698356506,35.634230164349404
Colorado,1988,1372394,621453,728177,53.95382438149715,46.04617561850285
Colorado,1992,1569180,629681,562850,47.19793447717502,52.80206552282498
Colorado,1996,1510702,671152,691848,50.75920763022744,49.240792369772564
Colorado,2000,1741368,738227,883748,54.48591994327903,45.51408005672097
Colorado,2004,2129630,1001732,1101255,52.36622955824264,47.63377044175737
Colorado,2008,2401361,1288576,1073589,45.44936530682658,54.55063469317343
Colorado,2012,2569516,1323101,1185243,47.252011685797484,52.74798831420252
Colorado,2016,2780220,1338870,1202484,47.316666627317566,52.68333337268244
Connecticut,1976,1386355,647895,719261,52.61001670621348,47.38998329378652
Connecticut,1980,1406285,541732,677210,55.55719632271264,44.44280367728735
Connecticut,1984,1466900,569597,890877,60.999168763018034,39.000831236981966
Connecticut,1988,1443394,676584,750241,52.581150456432994,47.418849543567006
Connecticut,1992,1616156,682318,578313,45.87488329257332,54.12511670742668
Connecticut,1996,1392614,735740,483109,39.63649311768726,60.363506882312734
Connecticut,2000,1459525,816015,561094,40.74434195114548,59.25565804885452
Connecticut,2004,1578769,857488,693826,44.725052439415876,55.27494756058412
Connecticut,2008,1646792,997772,629428,38.68166175024582,61.31833824975418
Connecticut,2012,1558204,905083,634892,41.227422523092905,58.772577476907095
Connecticut,2016,1644920,897572,673215,42.85845248273636,57.14154751726363
Delaware,1976,235642,122461,109780,47.2698619106876,52.7301380893124
Delaware,1980,235668,105754,111252,51.26678525017741,48.73321474982259
Delaware,1984,254572,101656,152190,59.95367269919557,40.04632730080442
Delaware,1988,249891,108647,139639,56.24118959586928,43.75881040413072
Delaware,1992,289620,126054,102313,44.80200729527471,55.19799270472529
Delaware,1996,270810,140355,99062,41.376343367430046,58.623656632569954
Delaware,2000,327529,180068,137288,43.259935214711554,56.740064785288446
Delaware,2004,375190,200152,171660,46.1684937549084,53.83150624509161
Delaware,2008,412412,255459,152374,37.36186135011144,62.63813864988855
Delaware,2012,413890,242584,165484,40.55304508072184,59.44695491927816
Delaware,2016,441590,235603,185127,44.001378556318784,55.998621443681216
District of Columbia,1976,168830,137818,27873,16.822277613147367,83.17772238685264
District of Columbia,1980,173889,130231,23313,15.183269942166413,84.8167300578336
District of Columbia,1984,211288,180408,29009,13.852266052899239,86.14773394710076
District of Columbia,1988,192877,159407,27590,14.754247394343226,85.24575260565678
District of Columbia,1992,227572,192619,20698,9.702930380607265,90.29706961939273
District of Columbia,1996,185726,158220,17339,9.876451791135743,90.12354820886426
District of Columbia,2000,201894,171923,18073,9.51230552222152,90.48769447777848
District of Columbia,2004,227586,202970,21256,9.479721352563931,90.52027864743607
District of Columbia,2008,265853,245800,17367,6.599231666584336,93.40076833341567
District of Columbia,2012,293764,267070,21381,7.412350797882484,92.58764920211752
District of Columbia,2016,312575,282830,12723,4.304811658145916,95.69518834185409
Florida,1976,3150631,1636000,1469531,47.3197981279208,52.6802018720792
Florida,1980,3686927,1419475,2046951,59.05076294719691,40.94923705280309
Florida,1984,4180051,1448816,2730350,65.33241321354548,34.66758678645452
Florida,1988,4302313,1656701,2618885,61.25207164585159,38.747928354148414
Florida,1992,5313392,2071698,2173310,51.19684108958098,48.803158910419015
Florida,1996,5303154,2546870,2244536,46.8450388048936,53.15496119510641
Florida,2000,5963110,2912253,2912790,50.00460940803355,49.99539059196644
Florida,2004,7609810,3583544,3964522,52.523679575668794,47.47632042433121
Florida,2008,8390744,4282074,4045624,48.580339969100706,51.419660030899294
Florida,2012,8474179,4237756,4163447,49.55774786063377,50.442252139366225
Florida,2016,9420039,4504975,4617886,50.61883547277548,49.38116452722452
Georgia,1976,1463152,979409,483743,33.06170514068258,66.93829485931741
Georgia,1980,1596805,890955,654168,42.33760030754833,57.66239969245167
Georgia,1984,1776103,706628,1068722,60.197820148139805,39.802179851860195
Georgia,1988,1809672,714792,1081331,60.203616344760356,39.796383655239644
Georgia,1992,2321133,1008966,995252,49.657871548903366,50.342128451096634
Georgia,1996,2298899,1053849,1080843,50.63226919855417,49.36773080144583
Georgia,2000,2583208,1116230,1419720,55.983753622902654,44.01624637709734
Georgia,2004,3301875,1366149,1914254,58.35423269640956,41.64576730359044
Georgia,2008,3924486,1844123,2048759,52.62833551081179,47.37166448918821
Georgia,2012,3897839,1773827,2078688,53.95664909805672,46.04335090194328
Georgia,2016,4114732,1877963,2089104,52.66117259930322,47.338827400696786
Hawaii,1976,291301,147375,140003,48.71736876170062,51.28263123829938
Hawaii,1980,303287,135879,130112,48.915940764913096,51.0840592350869
Hawaii,1984,335846,147154,185050,55.703724217649395,44.296275782350605
Hawaii,1988,354461,192364,158625,45.19372401984108,54.80627598015892
Hawaii,1992,372842,179310,136822,43.280022269178694,56.719977730821306
Hawaii,1996,360120,205012,113943,35.72384819175119,64.27615180824881
Hawaii,2000,367951,205286,137845,40.172703719570656,59.827296280429344
Hawaii,2004,429013,231708,194191,45.59555199706973,54.40444800293027
Hawaii,2008,456064,325871,120566,27.00627412154459,72.99372587845542
Hawaii,2012,437159,306658,121015,28.296151498925582,71.70384850107442
Hawaii,2016,437664,266891,128847,32.55866254946454,67.44133745053546
Idaho,1976,340932,126549,204151,61.732990625944964,38.267009374055036
Idaho,1980,437431,110192,290699,72.51322678733122,27.48677321266878
Idaho,1984,411144,108510,297523,73.27557119741499,26.72442880258501
Idaho,1988,408968,147272,253881,63.28782285063305,36.71217714936695
Idaho,1992,482114,137013,202645,59.66148302115658,40.33851697884342
Idaho,1996,491711,165443,256595,60.79902757571594,39.20097242428407
Idaho,2000,501615,138637,336937,70.84849045574401,29.151509544255994
Idaho,2004,598376,181098,409235,69.32273818336431,30.6772618166357
Idaho,2008,655122,236440,403012,63.02458980502055,36.97541019497945
Idaho,2012,652274,212787,420911,66.42138684357533,33.578613156424666
Idaho,2016,690255,189765,409055,68.31017668080558,31.689823319194417
Illinois,1976,4721282,2271295,2364269,51.0028337436394,48.99716625636061
Illinois,1980,4749721,1981413,2358049,54.339662382110966,45.660337617889034
Illinois,1984,4819088,2086499,2707103,56.47325330722075,43.52674669277925
Illinois,1988,4559120,2215940,2310939,51.04927699635886,48.95072300364114
Illinois,1992,5050157,2453350,1734096,41.411781787753206,58.5882182122468
Illinois,1996,4311391,2341744,1587021,40.39490781454223,59.60509218545778
Illinois,2000,4742108,2589026,2019421,43.81998968416041,56.18001031583959
Illinois,2004,5274322,2891550,2345946,44.79136595044655,55.20863404955345
Illinois,2008,5522371,3419348,2031179,37.26573595544064,62.73426404455936
Illinois,2012,5242014,3019512,2135216,41.42247660788309,58.5775233921169
Illinois,2016,5536424,3090729,2146015,40.97994860928852,59.02005139071148
Indiana,1976,2220362,1014714,1183958,53.84877780769482,46.15122219230518
Indiana,1980,2242033,844197,1255656,59.79732867014976,40.20267132985023
Indiana,1984,2233069,841481,1377230,62.07342912168372,37.926570878316284
Indiana,1988,2168621,860643,1297763,60.12599112493201,39.87400887506799
Indiana,1992,2305871,848420,989375,53.83489453393877,46.16510546606123
Indiana,1996,2135431,887424,1006693,53.14840635504565,46.851593644954356
Indiana,2000,2199302,901980,1245836,58.004782532581935,41.995217467418065
Indiana,2004,2468002,969011,1479438,60.42347624965846,39.57652375034154
Indiana,2008,2751054,1374039,1345648,49.47804655462191,50.52195344537809
Indiana,2012,2624534,1152887,1420543,55.200374597327304,44.799625402672696
Indiana,2016,2734958,1033126,1557286,60.117309524508066,39.88269047549193
Iowa,1976,1279303,619931,632864,50.51616585315235,49.48383414684765
Iowa,1980,1317661,508672,676026,57.063150271208364,42.93684972879164
Iowa,1984,1319805,605620,703088,53.72382533002015,46.27617466997986
Iowa,1988,1225614,670557,545355,44.85151885991749,55.14848114008251
Iowa,1992,1354607,586353,504891,46.26747088643786,53.73252911356213
Iowa,1996,1234075,620258,492644,44.26661107626727,55.73338892373273
Iowa,2000,1353022,638517,634373,49.83722081248183,50.16277918751817
Iowa,2004,1506908,741898,751957,50.33667926271291,49.66332073728709
Iowa,2008,1537123,828940,682379,45.15122221053265,54.84877778946735
Iowa,2012,1582180,822544,730617,47.040648071899824,52.959351928100176
Iowa,2016,1565580,653669,800983,55.06354784512034,44.93645215487965
Kansas,1976,957845,430421,502752,53.87554076253813,46.12445923746186
Kansas,1980,979795,326150,566812,63.47548943852034,36.52451056147966
Kansas,1984,1021991,333149,677296,67.02947711156966,32.970522888430345
Kansas,1988,993044,422636,554049,56.72750170218648,43.27249829781352
Kansas,1992,1157236,390434,449951,53.54105558761758,46.45894441238242
Kansas,1996,1074300,387659,583245,60.07236554798414,39.92763445201585
Kansas,2000,1072216,399276,622332,60.916907463528084,39.083092536471916
Kansas,2004,1187756,434993,736456,62.867098781082234,37.132901218917766
Kansas,2008,1235872,514765,699655,57.61227581890944,42.38772418109056
Kansas,2012,1159971,440726,692634,61.11332674525305,38.886673254746945
Kansas,2016,1184402,427005,671018,61.111470342606665,38.888529657393335
Kentucky,1976,1167142,615717,531852,46.34597135335653,53.65402864664347
Kentucky,1980,1295627,617417,635274,50.71274560126958,49.28725439873041
Kentucky,1984,1369345,539539,821702,60.36418238945198,39.635817610548024
Kentucky,1988,1322517,580368,734281,55.85376781178854,44.14623218821146
Kentucky,1992,1492900,665104,617178,48.13122230523395,51.86877769476605
Kentucky,1996,1388708,636614,623283,49.47094881565715,50.52905118434284
Kentucky,2000,1544106,638923,872520,57.727615265676576,42.272384734323424
Kentucky,2004,1795882,712733,1069439,60.00761991547393,39.992380084526076
Kentucky,2008,1826620,751985,1048462,58.23342758770461,41.76657241229539
Kentucky,2012,1797212,679370,1087190,61.54277239380491,38.45722760619509
Kentucky,2016,1924149,628854,1202971,65.67062901750987,34.32937098249014
Louisiana,1976,1277383,661365,587446,47.04042485211934,52.95957514788066
Louisiana,1980,1548591,708453,792853,52.81088598859925,47.18911401140074
Louisiana,1984,1706822,651586,1037299,61.419161162542146,38.58083883745785
Louisiana,1988,1628202,717460,883702,55.19129232394974,44.80870767605027
Louisiana,1992,1790017,815971,733386,47.33486213958435,52.66513786041565
Louisiana,1996,1783959,927837,712586,43.43916172840785,56.56083827159214
Louisiana,2000,1765656,792344,927871,53.93924596634723,46.06075403365277
Louisiana,2004,1943106,820299,1102169,57.330941269243496,42.66905873075651
Louisiana,2008,1960761,782989,1148275,59.45717416158537,40.542825838414636
Louisiana,2012,1994065,809141,1152262,58.74682561411397,41.25317438588602
Louisiana,2016,2029032,780154,1178638,60.1716772378078,39.82832276219221
Maine,1976,482968,232279,236320,50.431178897095386,49.568821102904614
Maine,1980,523011,220974,238522,51.909483434023365,48.090516565976635
Maine,1984,553144,214515,336500,61.06911790060162,38.93088209939838
Maine,1988,555035,243569,307131,55.771018703468314,44.228981296531686
Maine,1992,679499,263420,206504,43.94412713545169,56.055872864548306
Maine,1996,605897,312788,186378,37.337879583144684,62.662120416855316
Maine,2000,651817,319951,286616,47.25215845899958,52.74784154100042
Maine,2004,740752,396842,330201,45.4169835896914,54.5830164103086
Maine,2008,731163,421923,295273,41.1704750165924,58.8295249834076
Maine,2012,724758,401306,292276,42.14007860642289,57.85992139357711
Maine,2016,771892,357735,335593,48.40320887083747,51.59679112916253
Maryland,1976,1432273,759612,672661,46.964580076563614,53.035419923436386
Maryland,1980,1540496,726161,680606,48.380861933781496,51.6191380662185
Maryland,1984,1675873,787935,879918,52.75752719214463,47.24247280785537
Maryland,1988,1714358,826304,876167,51.46443023111701,48.53556976888299
Maryland,1992,1984580,988571,707094,41.70009996078235,58.299900039217654
Maryland,1996,1780870,966207,681530,41.36157651372761,58.63842348627239
Maryland,2000,2025212,1144008,813827,41.56770105754571,58.432298942454295
Maryland,2004,2384238,1334493,1024703,43.4344157924988,56.565584207501196
Maryland,2008,2631596,1629467,959862,37.06991270711447,62.93008729288553
Maryland,2012,2707327,1677844,971869,36.67827421309402,63.32172578690598
Maryland,2016,2781446,1677928,943169,35.98375031523061,64.01624968476939
Massachusetts,1976,2547558,1429475,1030276,41.88537782889406,58.114622171105935
Massachusetts,1980,2524090,1053802,1057631,50.09067301685632,49.90932698314368
Massachusetts,1984,2559383,1239606,1310936,51.39833023725937,48.60166976274062
Massachusetts,1988,2632801,1401415,1194635,46.01741106681304,53.98258893318696
Massachusetts,1992,2773664,1318639,805039,37.90777132879843,62.09222867120157
Massachusetts,1996,2556459,1571509,718058,31.362174594584914,68.63782540541509
Massachusetts,2000,2733964,1616487,878502,35.21065623936618,64.78934376063381
Massachusetts,2004,2927455,1803800,1071109,37.25714448700811,62.74285551299189
Massachusetts,2008,3102995,1904097,1108854,36.80292178664705,63.19707821335295
Massachusetts,2012,3184196,1921290,1188314,38.214319250939994,61.78568074906001
Massachusetts,2016,3378821,1995196,1090893,35.34872131037051,64.65127868962949
Michigan,1976,3651590,1696714,1893742,52.743774049869984,47.25622595013001
Michigan,1980,3909725,1661532,1915225,53.54641089679841,46.45358910320159
Michigan,1984,3801658,1529638,2251571,59.54632499816858,40.45367500183142
Michigan,1988,3669163,1675783,1965486,53.97804996005513,46.02195003994486
Michigan,1992,4274673,1871182,1554940,45.38484035302888,54.61515964697112
Michigan,1996,3848844,1989653,1481212,42.675586633303226,57.32441336669677
Michigan,2000,4232501,2170418,1953139,47.365393518265904,52.63460648173409
Michigan,2004,4839252,2479183,2313746,48.2741555320348,51.72584446796521
Michigan,2008,5001596,2872579,2048639,41.62869842384548,58.37130157615452
Michigan,2012,4730961,2564569,2115256,45.19946792882212,54.80053207117788
Michigan,2016,4799284,2268839,2279543,50.117668216961555,49.88233178303845
Minnesota,1976,1949931,1070440,819395,43.3580180280289,56.6419819719711
Minnesota,1980,2051916,954173,873268,47.7863854428132,52.213614557186794
Minnesota,1984,2084449,1036364,1032603,49.90910923180505,50.09089076819495
Minnesota,1988,2096790,1109471,962337,46.44914007475596,53.55085992524404
Minnesota,1992,2347948,1020997,747841,42.278659775513646,57.72134022448636
Minnesota,1996,2192492,1120380,766395,40.61931072862424,59.380689271375765
Minnesota,2000,2438685,1168266,1109659,48.71358802418868,51.28641197581132
Minnesota,2004,2828387,1445014,1346695,48.23908938933105,51.76091061066895
Minnesota,2008,2910369,1573354,1275409,44.77062500460726,55.22937499539273
Minnesota,2012,2936561,1546167,1320225,46.058773538301814,53.941226461698186
Minnesota,2016,2944782,1367705,1322949,49.168306292819516,50.83169370718048
Mississippi,1976,768390,381329,366846,49.0321114712467,50.9678885287533
Mississippi,1980,891750,429281,441089,50.678332203545615,49.321667796454385
Mississippi,1984,941104,352192,582377,62.315035058941604,37.68496494105839
Mississippi,1988,931527,363921,557890,60.52108295518279,39.478917044817216
Mississippi,1992,981793,400258,487793,54.92848946738419,45.071510532615804
Mississippi,1996,893857,394022,439838,52.747223754587104,47.252776245412896
Mississippi,2000,994184,404614,572844,58.605484839246294,41.394515160753706
Mississippi,2004,1139824,457766,672660,59.50500076962136,40.49499923037864
Mississippi,2008,1289865,554662,724597,56.64193099286384,43.358069007136166
Mississippi,2012,1285584,562949,710746,55.80189919878777,44.19810080121222
Mississippi,2016,1209357,485131,700714,59.08984732406006,40.91015267593994
Missouri,1976,1953600,998387,927443,48.158092874241234,51.841907125758766
Missouri,1980,2099824,931182,1074181,53.565414341443415,46.434585658556585
Missouri,1984,2122771,848583,1274188,60.024750667877036,39.975249332122964
Missouri,1988,2093228,1001619,1084953,51.99691168097722,48.00308831902278
Missouri,1992,2391270,1053873,811159,43.49303389968644,56.50696610031356
Missouri,1996,2158065,1025935,890016,46.45296252357184,53.54703747642815
Missouri,2000,2359892,1111138,1189924,51.711948656750664,48.288051343249336
Missouri,2004,2731364,1259171,1455713,53.61971266543984,46.38028733456015
Missouri,2008,2925205,1441911,1445814,50.06757914967665,49.93242085032335
Missouri,2012,2757323,1223796,1482440,54.778666753379966,45.22133324662003
Missouri,2016,2808605,1071068,1594511,59.81856099556606,40.18143900443393
Montana,1976,328734,149259,173703,53.78434614598622,46.21565385401378
Montana,1980,363952,118032,206814,63.66524445429527,36.33475554570473
Montana,1984,384377,146742,232450,61.301398763687,38.698601236313
Montana,1988,365674,168936,190412,52.98818972138428,47.01181027861572
Montana,1992,410583,154507,144207,48.2759428751247,51.7240571248753
Montana,1996,407083,167922,179652,51.68741045072416,48.312589549275835
Montana,2000,410986,137126,240178,63.656361978669715,36.343638021330285
Montana,2004,450434,173710,266063,60.50007617566335,39.49992382433665
Montana,2008,490109,231667,242763,51.16940328394073,48.83059671605927
Montana,2012,484048,201839,267928,57.03423186388146,42.96576813611854
Montana,2016,494526,177709,279240,61.10966431702444,38.89033568297556
Nebraska,1976,606749,233293,359219,60.626451447396846,39.373548552603154
Nebraska,1980,639533,166424,419214,71.58244512821913,28.417554871780858
Nebraska,1984,652090,187866,460054,71.004753673293,28.995246326707004
Nebraska,1988,661465,259235,397956,60.5540854941714,39.4459145058286
Nebraska,1992,737546,216864,343678,61.311730432331565,38.688269567668435
Nebraska,1996,677415,236761,363467,60.55482250078303,39.44517749921697
Nebraska,2000,697019,231780,433862,65.17948086208503,34.82051913791497
Nebraska,2004,778186,254328,512814,66.84733725959471,33.1526627404053
Nebraska,2008,801281,333319,452979,57.60907442216564,42.39092557783436
Nebraska,2012,794379,302081,475064,61.12939026822536,38.870609731774636
Nebraska,2016,844227,284494,495961,63.547674113177564,36.45232588682243
Nevada,1976,201876,92479,101273,52.26939592881622,47.73060407118378
Nevada,1980,243692,66666,155017,69.92732866300078,30.07267133699923
Nevada,1984,282717,91655,188770,67.31568155478291,32.68431844521708
Nevada,1988,343133,132738,206040,60.81858916458566,39.18141083541434
Nevada,1992,506318,189148,175828,48.175222480382274,51.824777519617726
Nevada,1996,464279,203974,199244,49.41346864475296,50.58653135524703
Nevada,2000,609426,279978,301575,51.85683849967243,48.14316150032757
Nevada,2004,829587,397190,418690,51.3175957248615,48.6824042751385
Nevada,2008,967848,533736,412827,43.6132618748039,56.3867381251961
Nevada,2012,1014918,531373,463567,46.592457836653466,53.407542163346534
Nevada,2016,1125385,539260,512058,48.7062905800148,51.2937094199852
New Hampshire,1976,339627,147645,185935,55.73925295281492,44.260747047185085
New Hampshire,1980,383990,108864,221705,67.06769237284803,32.93230762715197
New Hampshire,1984,388904,120347,267050,68.93445225440568,31.065547745594312
New Hampshire,1988,450525,163696,281537,63.23363272713388,36.76636727286612
New Hampshire,1992,537215,209040,202484,49.2034486445505,50.7965513554495
New Hampshire,1996,496597,246166,196486,44.38836828931079,55.61163171068921
New Hampshire,2000,569081,266348,273559,50.6678001952188,49.3321998047812
New Hampshire,2004,678287,340511,331237,49.309711379862684,50.690288620137316
New Hampshire,2008,710970,384826,316534,45.131458879890495,54.868541120109505
New Hampshire,2012,710972,369561,329918,47.16624802174189,52.83375197825811
New Hampshire,2016,744296,348526,345790,49.802971557619294,50.1970284423807
New Jersey,1976,3014472,1444653,1509688,51.100668473950705,48.899331526049295
New Jersey,1980,2975684,1147364,1546557,57.40914451463127,42.59085548536872
New Jersey,1984,3217862,1261323,1933630,60.52139108149635,39.47860891850365
New Jersey,1988,3099553,1320352,1743192,56.90115761353517,43.098842386464824
New Jersey,1992,3343594,1436206,1356865,48.579681647906554,51.42031835209345
New Jersey,1996,3075860,1652361,1103099,40.0332067966873,59.9667932033127
New Jersey,2000,3187226,1788850,1284173,41.788590583279074,58.211409416720926
New Jersey,2004,3611691,1911430,1670003,46.629463681157794,53.37053631884221
New Jersey,2008,3868237,2215422,1613207,42.13537012857605,57.864629871423944
New Jersey,2012,3638499,2122786,1478088,41.04803444941423,58.95196555058577
New Jersey,2016,3874046,2148278,1601933,42.715809857098705,57.284190142901295
New Mexico,1976,416590,201148,211419,51.244767516548826,48.755232483451174
New Mexico,1980,456237,167826,250779,59.90826674311105,40.09173325688895
New Mexico,1984,514370,201769,307101,60.349598129188195,39.6504018708118
New Mexico,1988,521387,244497,270341,52.509915740485354,47.490084259514646
New Mexico,1992,569986,261617,212824,44.857843230243596,55.14215676975641
New Mexico,1996,556074,273495,232751,45.97586943896841,54.02413056103159
New Mexico,2000,598605,286783,286417,49.96807397069086,50.03192602930914
New Mexico,2004,756304,370942,376930,50.40033588635489,49.59966411364511
New Mexico,2008,830158,472422,346832,42.33509998120241,57.664900018797596
New Mexico,2012,783758,415335,335788,44.704795353091306,55.295204646908694
New Mexico,2016,798319,385234,319667,45.34920506567589,54.65079493432411
New York,1976,6668262,3244165,2825913,46.5548053912981,53.4451946087019
New York,1980,6201959,2728372,2637700,49.155136196458045,50.84486380354196
New York,1984,6806810,3001285,3376519,52.9417178702889,47.0582821297111
New York,1988,6485683,3255487,2838414,46.57794736081207,53.42205263918793
New York,1992,7079432,3346894,2041690,37.88917459577507,62.11082540422493
New York,1996,6439129,3649630,1738707,32.26797061876419,67.7320293812358
New York,2000,6960215,3942215,2258577,36.42400841698931,63.57599158301068
New York,2004,7448266,4180755,2806993,40.170209343553886,59.829790656446114
New York,2008,7722019,4645332,2418323,34.23614262021574,65.76385737978427
New York,2012,7116784,4324228,2223397,33.957305129722606,66.04269487027739
New York,2016,7802084,4379789,2527142,36.58849350022463,63.41150649977537
North Carolina,1976,1677906,927365,741960,44.44670750153505,55.55329249846495
North Carolina,1980,1855833,875635,915018,51.09968262974457,48.90031737025543
North Carolina,1984,2175361,824287,1346481,62.02786294988686,37.97213705011314
North Carolina,1988,2134370,890167,1237258,58.15753786855,41.84246213144999
North Carolina,1992,2611850,1114042,1134661,50.45846427918671,49.541535720813286
North Carolina,1996,2515807,1107849,1225938,52.52998666973464,47.47001333026536
North Carolina,2000,2914990,1257692,1631163,56.46399698150305,43.53600301849695
North Carolina,2004,3501007,1525849,1961166,56.24197200184111,43.75802799815888
North Carolina,2008,4310851,2142651,2128474,49.83403669993269,50.16596330006732
North Carolina,2012,4505372,2178391,2270395,51.034034903005,48.965965096995
North Carolina,2016,4741564,2189316,2362631,51.903745803718714,48.096254196281286
North Dakota,1976,297308,136078,153684,53.03801050517322,46.96198949482679
North Dakota,1980,301116,79189,193695,70.98070975212912,29.019290247870888
North Dakota,1984,308971,104429,200336,65.73458238314767,34.265417616852325
North Dakota,1988,297261,127739,166559,56.59535572786767,43.40464427213233
North Dakota,1992,308133,99168,136244,57.87470477290877,42.12529522709122
North Dakota,1996,266411,106905,125050,53.91131900584165,46.08868099415835
North Dakota,2000,288256,95284,174852,64.72739657061628,35.27260342938372
North Dakota,2004,312833,111052,196651,63.90935414994329,36.09064585005671
North Dakota,2008,316621,141278,168601,54.40865628196813,45.59134371803188
North Dakota,2012,322932,124966,188320,60.11120828891173,39.888791711088274
North Dakota,2016,344360,93758,216794,69.80924289651973,30.190757103480255
Ohio,1976,4110456,2009959,2000626,49.88364540335138,50.11635459664861
Ohio,1980,4283603,1752414,2206545,55.73548501007461,44.26451498992538
Ohio,1984,4563235,1825440,2678559,59.47068371906832,40.529316280931674
Ohio,1988,4393585,1939629,2416549,55.474064650250746,44.525935349749254
Ohio,1992,4939967,1984942,1894310,48.831836653045485,51.16816334695452
Ohio,1996,4534434,2148222,1859883,46.40305081827946,53.59694918172055
Ohio,2000,4701998,2183628,2350363,51.83872222066608,48.16127777933392
Ohio,2004,5627903,2741165,2859764,51.058744004789204,48.94125599521079
Ohio,2008,5708350,2940044,2677820,47.66615923774587,52.33384076225413
Ohio,2012,5580822,2827621,2661407,48.48594323075051,51.51405676924949
Ohio,2016,5496487,2394164,2841005,54.26768457713591,45.7323154228641
Oklahoma,1976,1092251,532442,545708,50.615220516625705,49.384779483374295
Oklahoma,1980,1149708,402026,695570,63.372133280369106,36.6278667196309
Oklahoma,1984,1255676,385080,861530,69.10982584769896,30.890174152301043
Oklahoma,1988,1171036,483423,678367,58.38981227244167,41.61018772755833
Oklahoma,1992,1390359,473066,592929,55.62211830261868,44.37788169738132
Oklahoma,1996,1206713,488105,582315,54.40060910670578,45.59939089329422
Oklahoma,2000,1234229,474276,744337,61.08067122211892,38.919328777881084
Oklahoma,2004,1463758,503966,959792,65.57040166475606,34.42959833524394
Oklahoma,2008,1462661,502496,960165,65.64508112269351,34.3549188773065
Oklahoma,2012,1334872,443547,891325,66.77231974301657,33.22768025698344
Oklahoma,2016,1452992,420375,949136,69.30473723832813,30.695262761671867
Oregon,1976,1029876,490407,492120,50.08717317692033,49.91282682307967
Oregon,1980,1181516,456890,571044,55.55259384357362,44.44740615642638
Oregon,1984,1226527,536479,685700,56.104711339337364,43.89528866066264
Oregon,1988,1201694,616206,560126,47.61631920240204,52.383680797597954
Oregon,1992,1462643,621314,475757,43.36610848340718,56.63389151659282
Oregon,1996,1377760,649641,538152,45.30688428034178,54.69311571965822
Oregon,2000,1533950,720342,713577,49.764108014469436,50.235891985530564
Oregon,2004,1836782,943163,866831,47.891374225549924,52.108625774450076
Oregon,2008,1827864,1037291,738475,41.58627882277282,58.41372117722719
Oregon,2012,1789270,970488,754175,43.72883282125262,56.27116717874738
Oregon,2016,2001336,1002106,782403,43.844161054945644,56.155838945054356
Pennsylvania,1976,4620787,2328677,2205604,48.6428609078264,51.3571390921736
Pennsylvania,1980,4561501,1937540,2261872,53.86163586711663,46.13836413288336
Pennsylvania,1984,4844903,2228131,2584323,53.70073147712166,46.29926852287835
Pennsylvania,1988,4536251,2194944,2300087,51.16954699533775,48.83045300466226
Pennsylvania,1992,4959810,2239164,1791841,44.451470538984694,55.548529461015306
Pennsylvania,1996,4501307,2215819,1801169,44.83879463916745,55.16120536083255
Pennsylvania,2000,4912185,2485967,2281127,47.85152128319685,52.14847871680315
Pennsylvania,2004,5769590,2938095,2793847,48.74171790293761,51.25828209706239
Pennsylvania,2008,6013272,3276363,2655885,44.77029618451555,55.229703815484456
Pennsylvania,2012,5742040,2990274,2680434,47.26806599810817,52.73193400189182
Pennsylvania,2016,6115402,2926441,2970733,50.37553580749017,49.62446419250984
Rhode Island,1976,410584,227636,181249,44.32762268119398,55.67237731880602
Rhode Island,1980,415967,198342,154793,43.833944525464766,56.166055474535234
Rhode Island,1984,410489,197106,212080,51.82973024492529,48.170269755074706
Rhode Island,1988,404622,225123,177761,44.12212944668937,55.87787055331063
Rhode Island,1992,453365,213299,131601,38.15627718179183,61.84372281820818
Rhode Island,1996,390247,233050,104683,30.99578661250159,69.0042133874984
Rhode Island,2000,409112,249508,130555,34.350883932400684,65.64911606759932
Rhode Island,2004,437134,259760,169046,39.42248942412186,60.57751057587814
Rhode Island,2008,471766,296571,165391,35.801862490854226,64.19813750914577
Rhode Island,2012,446049,279677,157204,35.98325402111788,64.01674597888211
Rhode Island,2016,464144,252525,180543,41.68929590734018,58.31070409265982
South Carolina,1976,802583,450807,346149,43.433890955084095,56.566109044915905
South Carolina,1980,888258,428220,439277,50.63729327017845,49.36270672982154
South Carolina,1984,968529,344459,615539,64.11877941412378,35.88122058587622
South Carolina,1988,986009,370554,606443,62.072145564418314,37.927854435581686
South Carolina,1992,1228912,525514,577507,52.35684542724029,47.64315457275972
South Carolina,1996,1150182,506152,573339,53.111975921985454,46.888024078014546
South Carolina,2000,1383902,566037,786892,58.162106067650264,41.83789393234974
South Carolina,2004,1617700,661669,937974,58.636458259749205,41.363541740250795
South Carolina,2008,1920969,862449,1034896,54.54442918920913,45.45557081079087
South Carolina,2012,1964118,865941,1071645,55.30825470456537,44.69174529543463
South Carolina,2016,2103027,855373,1155389,57.46025636052402,42.53974363947598
South Dakota,1976,300678,147068,151505,50.74303436680477,49.25696563319523
South Dakota,1980,327703,103855,198343,65.63345885809966,34.36654114190034
South Dakota,1984,317867,116113,200267,63.29951324356786,36.70048675643214
South Dakota,1988,312991,145560,165415,53.19237880858589,46.8076211914141
South Dakota,1992,336254,124888,136718,52.26103376833865,47.73896623166135
South Dakota,1996,323826,139333,150543,51.93358539513447,48.06641460486553
South Dakota,2000,316269,118804,190700,61.61471257237386,38.38528742762614
South Dakota,2004,388215,149244,232584,60.91329080109369,39.08670919890632
South Dakota,2008,381975,170924,203054,54.295707234115376,45.704292765884624
South Dakota,2012,363815,145039,210610,59.21849913819525,40.78150086180476
South Dakota,2016,370093,117458,227721,65.97185807943126,34.02814192056875
Tennessee,1976,1476346,825879,633969,43.42705541946833,56.57294458053167
Tennessee,1980,1617616,783051,787761,50.149922460485406,49.850077539514594
Tennessee,1984,1711993,711714,990212,58.181848094452995,41.818151905547005
Tennessee,1988,1636250,679794,947233,58.218640501970775,41.78135949802923
Tennessee,1992,1982638,933521,841300,47.40196335292404,52.598036647075965
Tennessee,1996,1894105,909146,863530,48.713357658139444,51.286642341860556
Tennessee,2000,2076181,981720,1061949,51.96286678517901,48.03713321482099
Tennessee,2004,2437319,1036477,1384375,57.18544545474072,42.81455454525927
Tennessee,2008,2599749,1087437,1479178,57.63147180235446,42.36852819764554
Tennessee,2012,2458577,960709,1462330,60.35107152629404,39.64892847370595
Tennessee,2016,2508027,870695,1522925,63.62434304526199,36.37565695473801
Texas,1976,4071884,2082319,1953300,48.401496771622895,51.59850322837711
Texas,1980,4541636,1881147,2510705,57.167340793815455,42.832659206184545
Texas,1984,5397571,1949276,3433428,63.78630517301341,36.21369482698659
Texas,1988,5427410,2352748,3036829,56.34633293113727,43.65366706886273
Texas,1992,6154018,2281815,2496071,52.2421631658855,47.75783683411451
Texas,1996,5611644,2459683,2736167,52.660623382122274,47.33937661787773
Texas,2000,6407637,2433746,3799639,60.95627014856294,39.04372985143706
Texas,2004,7410749,2832704,4526917,61.51019189710992,38.48980810289008
Texas,2008,8077795,3528633,4479328,55.93593675094072,44.06406324905928
Texas,2012,7993851,3308124,4569843,58.00789721510638,41.99210278489362
Texas,2016,8969226,3877868,4685047,54.71322557797199,45.28677442202802
Utah,1976,541218,182110,337908,64.98005838259445,35.01994161740555
Utah,1980,604152,124266,439687,77.96518504201592,22.034814957984086
Utah,1984,629656,155369,469105,75.12002100968175,24.879978990318254
Utah,1988,647008,207343,428442,67.38787483190072,32.612125168099276
Utah,1992,743998,183429,322632,63.75357911398033,36.24642088601967
Utah,1996,665629,221633,361911,62.019487819256135,37.98051218074387
Utah,2000,770754,203053,515096,71.72550543132414,28.274494568675863
Utah,2004,927844,241199,663742,73.34643916012205,26.65356083987796
Utah,2008,952370,327670,596030,64.52636137274007,35.47363862725994
Utah,2012,1017440,251813,740600,74.62618889514748,25.373811104852518
Utah,2016,1131317,310674,515211,62.382898345411284,37.617101654588716
Vermont,1976,183902,77798,100387,56.33863681005696,43.66136318994304
Vermont,1980,213299,81952,94628,53.589307962396646,46.410692037603354
Vermont,1984,234561,95730,135865,58.664910727779095,41.335089272220905
Vermont,1988,243328,115775,124331,51.781713076724444,48.218286923275556
Vermont,1992,289701,133592,88122,39.745798641493096,60.25420135850691
Vermont,1996,258449,137894,80352,36.81716961593798,63.182830384062015
Vermont,2000,294308,149022,119775,44.5596491032266,55.4403508967734
Vermont,2004,312309,184067,121180,39.69899786074883,60.30100213925116
Vermont,2008,325046,219262,98974,31.1008182606619,68.8991817393381
Vermont,2012,299290,199239,92698,31.752741173609373,68.24725882639062
Vermont,2016,320467,178573,95369,34.81357367617963,65.18642632382037
Virginia,1976,1697094,813896,836554,50.686418855463664,49.313581144536336
Virginia,1980,1866032,752174,989609,56.815860529124464,43.18413947087553
Virginia,1984,2146635,796250,1337078,62.67568793921985,37.32431206078015
Virginia,1988,2191609,859799,1309162,60.35894605758241,39.64105394241759
Virginia,1992,2559129,1038650,1150517,52.55501293414344,47.44498706585656
Virginia,1996,2416642,1091060,1138350,51.060594507066895,48.939405492933105
Virginia,2000,2739447,1217290,1437490,54.147236305833246,45.85276369416675
Virginia,2004,3195415,1454742,1716959,54.13369671353006,45.866303286469936
Virginia,2008,3723260,1959532,1725005,46.81741559387245,53.18258440612755
Virginia,2012,3854489,1971820,1822522,48.03262331123552,51.967376688764475
Virginia,2016,3982752,1981473,1769443,47.1736237228453,52.826376277154694
Washington,1976,1555534,717323,777732,52.020293567795164,47.979706432204836
Washington,1980,1742394,650193,865244,57.0953460948888,42.9046539051112
Washington,1984,1874910,798352,1051670,56.84635101636629,43.15364898363371
Washington,1988,1865253,933516,903835,49.19228824541418,50.80771175458582
Washington,1992,2287565,993037,731234,42.40829892748877,57.59170107251123
Washington,1996,2253837,1123323,840712,42.80534715521872,57.19465284478128
Washington,2000,2487433,1247652,1108864,47.055228990594586,52.944771009405414
Washington,2004,2859084,1510201,1304894,46.353462316547045,53.646537683452955
Washington,2008,3036878,1750848,1229216,41.24797319789105,58.75202680210895
Washington,2012,3125516,1755396,1290670,42.37170172937815,57.62829827062185
Washington,2016,3317019,1742718,1221747,41.21306879993523,58.786931200064764
West Virginia,1976,750590,435864,314726,41.93048135466766,58.06951864533234
West Virginia,1980,737715,367462,334206,47.63021827987025,52.36978172012975
West Virginia,1984,735742,328125,405483,55.27243432459842,44.72756567540158
West Virginia,1988,653311,341016,310065,47.623106802379425,52.376893197620575
West Virginia,1992,683677,331001,241974,42.23116191805925,57.76883808194074
West Virginia,1996,636459,327812,233946,41.645334823892135,58.35466517610786
West Virginia,2000,648124,295497,336475,53.24207401593741,46.75792598406259
West Virginia,2004,755792,326541,423778,56.47971062974548,43.52028937025452
West Virginia,2008,713451,303857,397466,56.67374376713725,43.32625623286275
West Virginia,2012,670438,238269,417655,63.67429763204273,36.32570236795726
West Virginia,2016,713051,188794,489371,72.16105225129577,27.838947748704225
Wisconsin,1976,2101336,1040232,1004987,49.13835633250033,50.86164366749967
Wisconsin,1980,2273221,981584,1088845,52.59030857856028,47.40969142143971
Wisconsin,1984,2211689,995740,1198584,54.62201570962173,45.377984290378265
Wisconsin,1988,2191608,1126794,1047499,48.17653370543896,51.82346629456104
Wisconsin,1992,2531064,1041066,930855,47.20549149788455,52.79450850211545
Wisconsin,1996,2196169,1071971,845029,44.08080333854982,55.91919666145019
Wisconsin,2000,2598607,1242987,1237279,49.884931696842195,50.115068303157805
Wisconsin,2004,2997007,1489504,1478120,49.80819672573075,50.19180327426924
Wisconsin,2008,2983417,1677211,1262393,42.94432175218159,57.055678247818406
Wisconsin,2012,3071434,1620985,1410966,46.53657001712759,53.46342998287241
Wisconsin,2016,2976150,1382536,1405284,50.40798903802971,49.59201096197028
Wyoming,1976,156343,62239,92717,59.83440460517825,40.16559539482176
Wyoming,1980,176713,49427,110700,69.13262597812985,30.86737402187014
Wyoming,1984,188968,53370,133241,71.40039976207191,28.599600237928097
Wyoming,1988,176551,67113,106867,61.42487642257731,38.575123577422694
Wyoming,1992,199884,68160,79347,53.79202342939657,46.20797657060343
Wyoming,1996,211571,77934,105388,57.48791743489598,42.51208256510402
Wyoming,2000,213726,60481,147947,70.98230564031705,29.01769435968296
Wyoming,2004,243861,70776,167629,70.31270317317171,29.687296826828298
Wyoming,2008,254904,82868,164958,66.56202335509592,33.43797664490409
Wyoming,2012,250701,69286,170962,71.16063401152142,28.839365988478573
Wyoming,2016,258788,55973,174419,75.70531962915379,24.294680370846212
Alabama,1948,214980,NA,40930,NA,NA
Arizona,1948,177065,95251,77597,44.893200962695545,55.106799037304455
Arkansas,1948,242475,149659,50959,25.40101087639195,74.59898912360805
California,1948,4021538,1913134,1895269,49.76545286830201,50.23454713169798
Colorado,1948,515237,267288,239714,47.28068133853515,52.71931866146484
Connecticut,1948,883518,423297,437754,50.83949731200591,49.16050268799409
Delaware,1948,139073,67813,69588,50.645919607572,49.354080392428
Florida,1948,577643,281988,194280,40.792159036508856,59.207840963491144
Georgia,1948,418844,254646,76691,23.14592092039223,76.85407907960777
Idaho,1948,214816,107370,101514,48.598265065778136,51.401734934221864
Illinois,1948,3984046,1994715,1961103,49.57515740107356,50.424842598926446
Indiana,1948,1656212,807831,821079,50.406652301232114,49.593347698767886
Iowa,1948,1038264,522380,494018,48.60477883663683,51.39522116336317
Kansas,1948,788819,351902,423039,54.58983329053437,45.41016670946562
Kentucky,1948,822658,466756,341210,42.23073743202065,57.76926256797934
Louisiana,1948,416336,136344,72657,34.763948497854074,65.23605150214593
Maine,1948,264787,111916,150234,57.30841121495327,42.69158878504673
Maryland,1948,596748,286521,294814,50.7132720376375,49.28672796236249
Massachusetts,1948,2107146,1151788,909370,44.11937367246955,55.88062632753045
Michigan,1948,2109609,1003448,1038595,50.8605842286377,49.1394157713623
Minnesota,1948,1212226,692966,483617,41.103517558897245,58.89648244110275
Mississippi,1948,192190,19384,5043,20.645187702132887,79.35481229786711
Missouri,1948,1578628,917315,655039,41.659766184968525,58.340233815031475
Montana,1948,224278,119071,96770,44.83392867898129,55.16607132101872
Nebraska,1948,488940,224165,264774,54.15276752314706,45.84723247685294
Nevada,1948,62117,31291,29357,48.405553357076904,51.594446642923096
New Hampshire,1948,231440,107995,121299,52.90107896412466,47.09892103587534
New Jersey,1948,1949555,895455,981124,52.28258442623519,47.71741557376482
New Mexico,1948,187063,105464,80303,43.22780687635587,56.77219312364413
New York,1948,6177337,2780204,2841163,50.542207971833186,49.457792028166814
North Carolina,1948,791209,459070,258572,36.03077857761948,63.96922142238052
North Dakota,1948,220716,95812,115139,54.58092163583012,45.41907836416988
Ohio,1948,2936071,1452791,1445684,49.87740104710235,50.12259895289765
Oklahoma,1948,721599,452782,268817,37.25296182505796,62.74703817494204
Oregon,1948,524080,243147,260904,51.76142890302767,48.23857109697233
Pennsylvania,1948,3735348,1752426,1902197,52.049062242535,47.950937757465
Rhode Island,1948,327702,188736,135787,41.8420266052021,58.1579733947979
South Carolina,1948,142571,34423,5386,13.529603858423975,86.47039614157602
South Dakota,1948,250105,117653,129651,52.42575938925371,47.57424061074629
Tennessee,1948,550283,270402,202914,42.870724843444975,57.129275156555025
Texas,1948,1147245,750700,282240,27.323949116115166,72.67605088388484
Utah,1948,276306,149151,124402,45.47637934879164,54.52362065120836
Vermont,1948,123382,45557,75926,62.499279734613076,37.500720265386924
Virginia,1948,419256,200786,172070,46.14918359903019,53.85081640096981
Washington,1948,905058,476165,386314,44.79111955189634,55.208880448103656
West Virginia,1948,748750,429188,316251,42.424799346425395,57.57520065357461
Wisconsin,1948,1276800,647310,590959,47.724605881274584,52.275394118725416
Wyoming,1948,101425,52354,47947,47.80311263098075,52.19688736901925
Alabama,1952,426120,275075,149231,35.17060800460045,64.82939199539955
Arizona,1952,260570,108528,152042,58.34977165444985,41.65022834555014
Arkansas,1952,404800,226300,177155,43.909481850516165,56.090518149483835
California,1952,5141849,2197548,2897310,56.86733565488969,43.13266434511031
Colorado,1952,630103,245504,379782,60.73732659934814,39.26267340065186
Connecticut,1952,1096911,481649,611012,55.91963106581089,44.0803689341891
Delaware,1952,174025,83315,90059,51.944928305282225,48.055071694717775
Florida,1952,989337,444950,544036,55.00947435049637,44.99052564950363
Georgia,1952,655785,456823,198961,30.339410537616047,69.66058946238395
Idaho,1952,276254,95081,180707,65.52388066195773,34.47611933804227
Illinois,1952,4481058,2013920,2457327,54.95842658658759,45.04157341341241
Indiana,1952,1955049,801530,1136259,58.63687945385179,41.36312054614821
Iowa,1952,1268773,451513,808906,64.17754730768101,35.82245269231898
Kansas,1952,896166,273296,616302,69.2787079107642,30.721292089235813
Kentucky,1952,993148,495729,495029,49.96467351260348,50.03532648739652
Louisiana,1952,651952,345027,306925,47.07785235722876,52.92214764277124
Maine,1952,351786,118806,232353,66.16746260241088,33.83253739758912
Maryland,1952,902074,395337,499424,55.81646942591374,44.18353057408627
Massachusetts,1952,2383398,1083525,1292325,54.39421680661658,45.60578319338342
Michigan,1952,2798592,1230657,1551529,55.766544724184506,44.233455275815494
Minnesota,1952,1379483,608458,763211,55.641047512191356,44.358952487808644
Mississippi,1952,285532,172566,112966,39.563341411820744,60.436658588179256
Missouri,1952,1892062,929830,959429,50.7833494507635,49.216650549236505
Montana,1952,265037,106213,157394,59.70782262989981,40.292177370100184
Nebraska,1952,609660,188057,421603,69.15379063740446,30.846209362595545
Nevada,1952,82190,31688,50502,61.44543131767855,38.55456868232145
New Hampshire,1952,272950,106663,166287,60.92214691335409,39.07785308664591
New Jersey,1952,2418554,1015902,1373613,57.48501264901036,42.514987350989635
New Mexico,1952,238608,105661,132170,55.57307499863349,44.42692500136652
New York,1952,7128239,3104601,3952813,56.009368304027504,43.990631695972496
North Carolina,1952,1210910,652803,558107,46.08988281540329,53.91011718459671
North Dakota,1952,270127,76694,191712,71.42612311200197,28.573876887998033
Ohio,1952,3700758,1600367,2100391,56.75569707611251,43.24430292388748
Oklahoma,1952,948984,430939,518045,54.589434595314565,45.410565404685435
Oregon,1952,695059,270579,420815,60.86471678955848,39.135283210441514
Pennsylvania,1952,4580969,2146269,2415789,52.953930002643546,47.046069997356454
Rhode Island,1952,414498,203293,210935,50.922438850101884,49.07756114989812
South Carolina,1952,341087,173004,9793,5.3573089273894,94.6426910726106
South Dakota,1952,294283,90426,203857,69.27243503702218,30.727564962977816
Tennessee,1952,892553,443710,446147,50.13693211381155,49.86306788618845
Texas,1952,2075946,969228,1102878,53.22497980315679,46.775020196843215
Utah,1952,329554,135364,194190,58.92509270104445,41.07490729895556
Vermont,1952,153557,43355,109717,71.676727291732007,28.323272708268004
Virginia,1952,619689,268677,349037,56.50462835551728,43.495371644482724
Washington,1952,1102708,492845,599107,54.86569006696265,45.13430993303735
West Virginia,1952,873548,453578,419970,48.07635069853059,51.92364930146941
Wisconsin,1952,1607370,622175,979744,61.160645450862376,38.839354549137624
Wyoming,1952,129253,47934,81049,62.83696301062931,37.16303698937069
Alabama,1956,496861,280844,195694,41.06577020090737,58.93422979909262
Arizona,1956,290173,112880,176990,61.05840549211715,38.94159450788284
Arkansas,1956,406572,213277,186287,46.62256859977376,53.37743140022625
California,1956,5466355,2420135,3027668,55.575945018569875,44.424054981430125
Colorado,1956,657074,257997,394479,60.45877549519063,39.54122450480938
Connecticut,1956,1117121,405079,711837,63.73236662381056,36.26763337618944
Delaware,1956,177988,79421,98057,55.25022819729769,44.74977180270231
Florida,1956,1125762,480371,643849,57.270729928305855,42.72927007169415
Georgia,1956,669655,444688,222778,33.376681359050494,66.6233186409495
Idaho,1956,272989,105868,166979,61.19876707458759,38.80123292541241
Illinois,1956,4407407,1775682,2623327,59.63449949750046,40.36550050249954
Indiana,1956,1974607,783908,1182811,60.14133183235633,39.85866816764367
Iowa,1956,1234564,501858,729187,59.233171817439654,40.766828182560346
Kansas,1956,866243,296317,566878,65.67206714589403,34.32793285410597
Kentucky,1956,1053805,476453,572192,54.56489088299663,45.43510911700337
Louisiana,1956,617544,243977,329047,57.422900262467195,42.577099737532805
Maine,1956,351706,102468,249238,70.86543874713539,29.13456125286461
Maryland,1956,932827,372613,559738,60.03511553052445,39.96488446947556
Massachusetts,1956,2348506,948190,1393197,59.503063782279476,40.49693621772052
Michigan,1956,3080468,1359898,1713647,55.7547392343369,44.245260765663105
Minnesota,1956,1340005,617525,719302,53.80666309103571,46.19333690896429
Mississippi,1956,248104,144453,60685,29.582524934434378,70.41747506556561
Missouri,1956,1832562,918273,914289,49.891299721373684,50.108700278626316
Montana,1956,271171,116238,154933,57.13479686249636,42.86520313750364
Nebraska,1956,577137,199029,378108,65.51442725037556,34.48557274962444
Nevada,1956,96689,40640,56049,57.96833145445708,42.03166854554293
New Hampshire,1956,266994,90364,176519,66.14096813959675,33.85903186040325
New Jersey,1956,2484312,850337,1606942,65.39517897642067,34.60482102357933
New Mexico,1956,253926,106098,146788,58.04512705329674,41.95487294670326
New York,1956,7095971,2747944,4345506,61.26082512740627,38.73917487259373
North Carolina,1956,1165592,590530,575062,49.33647451252239,50.663525487477614
North Dakota,1956,253991,96742,156766,61.83867964719062,38.16132035280938
Ohio,1956,3702265,1439655,2262610,61.11420981480256,38.885790185197436
Oklahoma,1956,859350,385581,473769,55.13108744981672,44.868912550183275
Oregon,1956,736132,329204,406393,55.246690783132614,44.753309216867386
Pennsylvania,1956,4576503,1981769,2585252,56.60696545954135,43.39303454045865
Rhode Island,1956,387609,161790,225819,58.25948313893641,41.7405168610636
South Carolina,1956,300583,136372,75700,35.69542419555623,64.30457580444377
South Dakota,1956,293857,122288,171569,58.385200965095265,41.614799034904735
Tennessee,1956,939404,456507,462288,50.314596836073335,49.685403163926665
Texas,1956,1955168,859958,1080619,55.685448194016516,44.31455180598348
Utah,1956,333995,118364,215631,64.561146124942,35.43885387505801
Vermont,1956,152978,42549,110390,72.17910408725047,27.820895912749528
Virginia,1956,697978,267760,386459,59.07180928710416,40.928190712895834
Washington,1956,1150889,523002,620430,54.260332052977354,45.73966794702265
West Virginia,1956,830831,381534,449297,54.07802549495625,45.92197450504374
Wisconsin,1956,1550558,586768,954844,61.9380233158538,38.0619766841462
Wyoming,1956,124127,49554,74573,60.077984644759,39.922015355241
Alabama,1960,570225,324050,237981,42.343038017475905,57.65696198252409
Alaska,1960,60762,29809,30953,50.94137783483098,49.05862216516902
Arizona,1960,398491,176781,221241,55.585118410540126,44.41488158945988
Arkansas,1960,428509,215049,184508,46.178142292589044,53.821857707410956
California,1960,6506578,3224099,3259722,50.27470684338756,49.72529315661244
Colorado,1960,736236,330629,402242,54.885784810696556,45.11421518930344
Connecticut,1960,1222883,657055,565813,46.26934387031143,53.73065612968857
Delaware,1960,196683,99590,96373,49.17918178431643,50.82081821568357
Florida,1960,1544176,748700,795476,51.5145941913357,48.4854058086643
Georgia,1960,733349,458638,274472,37.4394019996999,62.5605980003001
Hawaii,1960,184705,92410,92295,49.96886927803795,50.03113072196205
Idaho,1960,300450,138853,161597,53.78498918289233,46.21501081710767
Illinois,1960,4757409,2377846,2368988,49.906695704968826,50.093304295031174
Indiana,1960,2135360,952358,1175120,55.23535378509202,44.764646214907984
Iowa,1960,1273810,550565,722381,56.74875446405425,43.251245535945756
Kansas,1960,928825,363213,561474,60.72043837536377,39.27956162463623
Kentucky,1960,1124462,521855,602607,53.590694927885515,46.409305072114485
Louisiana,1960,807891,407339,230980,36.18566892102538,63.81433107897462
Maine,1960,421767,181159,240608,57.04761159597598,42.95238840402402
Maryland,1960,1055349,565808,489538,46.3864931501138,53.61350684988619
Massachusetts,1960,2469480,1487174,976750,39.64205064766608,60.35794935233392
Michigan,1960,3318097,1687269,1620428,48.98961422403564,51.01038577596436
Minnesota,1960,1541887,779933,757915,49.28412951084893,50.71587048915107
Mississippi,1960,298171,108362,73561,40.43523908466769,59.564760915332315
Missouri,1960,1934422,972201,962221,49.74204180887107,50.25795819112893
Montana,1960,277579,134891,141841,51.255727563129675,48.744272436870325
Nebraska,1960,613095,232542,380553,62.07080468769114,37.92919531230886
Nevada,1960,107267,54880,52387,48.837946432733276,51.16205356726673
New Hampshire,1960,295761,137772,157989,53.417793421039285,46.582206578960715
New Jersey,1960,2773111,1385415,1363324,49.59816119318713,50.40183880681287
New Mexico,1960,311107,156027,153733,49.62971332644628,50.37028667355372
New York,1960,7291079,3830085,3446419,47.36366529861043,52.636334701389565
North Carolina,1960,1368556,713136,655420,47.89135409877272,52.10864590122728
North Dakota,1960,278431,123963,154310,55.45273885716544,44.54726114283456
Ohio,1960,4161859,1944248,2217611,53.28414537830331,46.7158546216967
Oklahoma,1960,903150,370111,533039,59.019985605934785,40.980014394065215
Oregon,1960,776421,367402,408060,52.621534001666106,47.378465998333894
Pennsylvania,1960,5006541,2556282,2439956,48.835864104151966,51.16413589584804
Rhode Island,1960,405535,258032,147502,36.372289376476445,63.62771062352355
South Carolina,1960,386688,198129,188558,48.7624357684639,51.237564231536105
South Dakota,1960,306487,128070,178417,58.21356207604238,41.78643792395763
Tennessee,1960,1051792,481453,556577,53.61858520466654,46.38141479533347
Texas,1960,2311084,1167567,1121310,48.9895263048211,51.0104736951789
Utah,1960,374709,169248,205361,54.82009241635946,45.17990758364054
Vermont,1960,167324,69186,98131,58.64974868064811,41.35025131935189
Virginia,1960,771449,362327,404521,52.751131906192626,47.24886809380738
Washington,1960,1241572,599298,629273,51.21991321624879,48.7800867837512
West Virginia,1960,837781,441786,395995,47.26712589566963,52.732874104330364
Wisconsin,1960,1729082,830805,895175,51.864737714226116,48.13526228577388
Wyoming,1960,140782,63331,77451,55.01484564788112,44.985154352118876
Alabama,1964,689818,NA,479085,NA,NA
Alaska,1964,67259,44329,22930,34.092091764670904,65.9079082353291
Arizona,1964,480770,237753,242535,50.497826304217476,49.50217369578253
Arkansas,1964,560426,314197,243264,43.637850898986656,56.36214910101335
California,1964,7057586,4171877,2879108,40.832706352374885,59.167293647625115
Colorado,1964,776986,476024,296767,38.401974143073616,61.598025856926384
Connecticut,1964,1218578,826269,390996,32.120861110768814,67.87913888923119
Delaware,1964,201320,122704,78078,38.886952017611144,61.113047982388856
District of Columbia,1964,198597,169796,28801,14.502233165657085,85.49776683434291
Florida,1964,1854481,948540,905941,48.851457631542196,51.148542368457804
Georgia,1964,1139335,522556,616584,54.12714855066102,45.872851449338974
Hawaii,1964,207271,163249,44022,21.238861201036325,78.76113879896367
Idaho,1964,292477,148920,143557,49.083175771086275,50.916824228913725
Illinois,1964,4702841,2796833,1905946,40.52807924846139,59.47192075153861
Indiana,1964,2091606,1170848,911118,43.76238612926436,56.237613870735636
Iowa,1964,1184539,733030,449148,37.993263281840804,62.006736718159196
Kansas,1964,857901,464028,386579,45.44742754291935,54.55257245708065
Kentucky,1964,1046105,669659,372977,35.77250353910665,64.22749646089335
Louisiana,1964,896293,387068,509225,56.8145684502724,43.185431549727596
Maine,1964,380965,262264,118701,31.15798039189952,68.84201960810049
Maryland,1964,1116457,730912,385495,34.529969804918814,65.47003019508118
Massachusetts,1964,2344798,1786422,549727,23.531332975764816,76.46866702423519
Michigan,1964,3203102,2136615,1060152,33.1632552513211,66.8367447486789
Minnesota,1964,1554462,991117,559624,36.08752202979092,63.91247797020908
Mississippi,1964,409146,52618,356528,87.13955409560401,12.860445904395986
Missouri,1964,1817879,1164344,653535,35.950412541208735,64.04958745879125
Montana,1964,278628,164246,113032,40.7648641435671,59.2351358564329
Nebraska,1964,584154,307307,276847,47.39281079989181,52.607189200108195
Nevada,1964,135433,79339,56094,41.418265858394925,58.58173414160508
New Hampshire,1964,288093,184064,104029,36.10952018966098,63.890479810339016
New Jersey,1964,2847663,1868231,964174,34.04082396408706,65.95917603591295
New Mexico,1964,328645,194015,132838,40.641511627551225,59.35848837244878
New York,1964,7166275,4913102,2243559,31.349242335217497,68.6507576647825
North Carolina,1964,1424983,800139,624844,43.84922486794579,56.15077513205421
North Dakota,1964,258389,149784,108207,41.942160773050226,58.05783922694978
Ohio,1964,3969196,2498331,1470865,37.05700096442705,62.942999035572946
Oklahoma,1964,932499,519834,412665,44.253666759964354,55.74633324003565
Oregon,1964,786305,501017,282779,36.0781376786817,63.9218623213183
Pennsylvania,1964,4822690,3130954,1673657,34.83439137944778,65.16560862055222
Rhode Island,1964,390091,315463,74615,19.128225636923897,80.8717743630761
South Carolina,1964,524779,215723,309048,58.891973832395465,41.108026167604535
South Dakota,1964,293118,163010,130108,44.3875845222743,55.6124154777257
Tennessee,1964,1143946,634947,508965,44.49337011937981,55.50662988062018
Texas,1964,2626811,1663185,958566,36.56205337577825,63.43794662422175
Utah,1964,401413,219628,181785,45.28627622922028,54.71372377077972
Vermont,1964,163089,108127,54942,33.692486002857684,66.30751399714231
Virginia,1964,1042267,558038,481334,46.31007954803478,53.68992045196522
Washington,1964,1258556,779881,470366,37.621845923245566,62.378154076754434
West Virginia,1964,792040,538087,253953,32.06315337609212,67.93684662390788
Wisconsin,1964,1691815,1050424,638495,37.80495097751876,62.19504902248124
Wyoming,1964,142716,80718,61998,43.44152022197931,56.55847977802069
Alabama,1968,1049922,196579,146923,42.77209448562162,57.22790551437838
Alaska,1968,83035,35411,37600,51.49908917834299,48.50091082165701
Arizona,1968,486936,170514,266721,61.00174963120518,38.998250368794814
Arkansas,1968,619969,188228,190759,50.33391646679174,49.66608353320826
California,1968,7251587,3244318,3467664,51.663785749127456,48.336214250872544
Colorado,1968,811199,335174,409345,54.98113547135802,45.018864528641984
Connecticut,1968,1256232,621561,556721,47.248536428461094,52.751463571538906
Delaware,1968,214367,89194,96714,52.022505755535,47.977494244465
District of Columbia,1968,170578,139566,31012,18.180539108208563,81.81946089179144
Florida,1968,2187805,676794,886804,56.71560081299669,43.28439918700331
Georgia,1968,1250266,334440,380111,53.195783086161796,46.8042169138382
Hawaii,1968,236218,141324,91425,39.28051248340487,60.71948751659513
Idaho,1968,291183,89273,165369,64.94176137479285,35.05823862520715
Illinois,1968,4619749,2039814,2174774,51.60110549358561,48.398894506414386
Indiana,1968,2123597,806659,1067885,56.967721216466515,43.03227878353349
Iowa,1968,1167931,476699,619106,56.49782579929823,43.502174200701766
Kansas,1968,872783,302996,478674,61.23735080020981,38.7626491997902
Kentucky,1968,1055893,397541,462411,53.77172214263122,46.22827785736878
Louisiana,1968,1097450,309615,257535,45.40862205765671,54.5913779423433
Maine,1968,392936,217312,169254,43.78398514095912,56.21601485904088
Maryland,1968,1235039,538310,517995,49.038393267096154,50.96160673290385
Massachusetts,1968,2331752,1469218,766844,34.29439791919902,65.70560208080099
Michigan,1968,3306250,1593082,1370665,46.24770602888843,53.75229397111156
Minnesota,1968,1588506,857738,658643,43.435192079035545,56.564807920964455
Mississippi,1968,654509,150644,88516,37.01120588727212,62.98879411272789
Missouri,1968,1809502,791444,811932,50.63890191695523,49.36109808304477
Montana,1968,274404,114117,138835,54.885907207691574,45.114092792308426
Nebraska,1968,536851,170784,321163,65.28406515336002,34.71593484663998
Nevada,1968,154218,60598,73188,54.70527558937408,45.294724410625925
New Hampshire,1968,297298,130589,154903,54.25826292855842,45.74173707144158
New Jersey,1968,2875395,1264206,1325467,51.182794121111044,48.817205878888956
New Mexico,1968,327350,130081,169692,56.6068325032608,43.393167496739196
New York,1968,6791688,3378470,3007932,47.09900817392955,52.90099182607045
North Carolina,1968,1587493,464113,627192,57.4717425467674,42.5282574532326
North Dakota,1968,247882,94769,138669,59.40292497365467,40.59707502634532
Ohio,1968,3959698,1700586,1791014,51.29493641883377,48.70506358116623
Oklahoma,1968,943086,301658,449697,59.851468347186085,40.148531652813915
Oregon,1968,819622,358866,408433,53.22996641465713,46.77003358534287
Pennsylvania,1968,4747928,2259405,2090017,48.05275275657318,51.94724724342683
Rhode Island,1968,385000,246518,122359,33.1706774887022,66.8293225112978
South Carolina,1968,666978,197486,254062,56.26467175139741,43.735328248602585
South Dakota,1968,281264,118023,149841,55.93920795627631,44.06079204372368
Tennessee,1968,1248617,351233,472592,57.36558128243255,42.63441871756745
Texas,1968,3079216,1266804,1227844,49.219128309885804,50.780871690114196
Utah,1968,422568,156665,238728,60.377396666101824,39.62260333389817
Vermont,1968,161404,70255,85142,54.789989510737016,45.210010489262984
Virginia,1968,1361491,442387,590319,57.16234823851125,42.83765176148875
Washington,1968,1304281,616037,588510,48.85737127733496,51.14262872266504
West Virginia,1968,754206,374091,307555,45.119460834509404,54.880539165490596
Wisconsin,1968,1691538,748804,809997,51.96282270796593,48.03717729203407
Wyoming,1968,127205,45173,70927,61.09130060292851,38.90869939707149
Alabama,1972,1006111,256923,728701,73.93296023635789,26.067039763642118
Alaska,1972,95219,32967,55349,62.671543095248886,37.32845690475112
Arizona,1972,622926,198540,402812,66.9843951628996,33.0156048371004
Arkansas,1972,651320,199892,448541,69.17306799623091,30.826932003769087
California,1972,8367862,3475847,4602096,56.97113733038225,43.028862669617745
Colorado,1972,953884,329980,597189,64.40994036685869,35.590059633141315
Connecticut,1972,1384277,555498,810763,59.34173631538923,40.65826368461077
Delaware,1972,235516,92283,140357,60.33227303988996,39.66772696011004
District of Columbia,1972,163421,127627,35226,21.630550250839715,78.36944974916028
Florida,1972,2583283,718117,1857759,72.12144528696257,27.878554713037428
Georgia,1972,1174772,289529,881496,75.27559189598855,24.72440810401144
Hawaii,1972,270274,101409,168865,62.47918778720853,37.52081221279147
Idaho,1972,310379,80826,199384,71.15520502480283,28.844794975197175
Illinois,1972,4723236,1913472,2788179,59.30212599786756,40.697874002132444
Indiana,1972,2125529,708568,1405154,66.477710881563425,33.522289118436575
Iowa,1972,1225944,496206,706207,58.73248210057609,41.26751789942391
Kansas,1972,916095,270287,619812,69.63405194253673,30.36594805746327
Kentucky,1972,1067499,371159,676446,64.57071128908319,35.42928871091681
Louisiana,1972,1051491,298142,686852,69.73159227365852,30.26840772634148
Maine,1972,417042,160584,256458,61.494525731221316,38.505474268778684
Maryland,1972,1353812,505781,829305,62.1162232245713,37.8837767754287
Massachusetts,1972,2458756,1332540,1112078,45.49087014821948,54.50912985178052
Michigan,1972,3489727,1459435,1961721,57.340881269372105,42.659118730627895
Minnesota,1972,1741652,802346,898269,52.82024444098165,47.17975555901835
Mississippi,1972,645963,126782,505125,79.93660459529646,20.06339540470354
Missouri,1972,1855803,697147,1153852,62.336716551440595,37.6632834485594
Montana,1972,317603,120197,183976,60.48400088107755,39.51599911892246
Nebraska,1972,576289,169991,406298,70.50247358530181,29.497526414698182
Nevada,1972,181766,66016,115750,63.68077638282187,36.31922361717813
New Hampshire,1972,334055,116435,213724,64.73365863114438,35.26634136885561
New Jersey,1972,2997229,1102211,1845502,62.60792689111864,37.392073108881355
New Mexico,1972,386241,141084,235606,62.546390931535214,37.453609068464786
New York,1972,7165919,2951084,4192778,58.690635401411726,41.309364598588274
North Carolina,1972,1518612,438705,1054889,70.6275601000004,29.3724398999996
North Dakota,1972,280514,100384,174109,63.429304208121884,36.570695791878116
Ohio,1972,4094787,1558889,2441827,61.03474977978942,38.965250220210585
Oklahoma,1972,1029900,247147,759025,75.43690343201759,24.563096567982413
Oregon,1972,927946,392760,486686,55.34006635995843,44.65993364004157
Pennsylvania,1972,4592106,1796951,2714521,60.169297293654935,39.830702706345065
Rhode Island,1972,415808,194645,220383,53.10075464787918,46.89924535212082
South Carolina,1972,673960,186824,477044,71.85826097959233,28.14173902040767
South Dakota,1972,307415,139945,166476,54.32917456701727,45.670825432982724
Tennessee,1972,1201182,357293,813147,69.47361675950926,30.526383240490755
Texas,1972,3471281,1154289,2298896,66.57320705377789,33.426792946222115
Utah,1972,478476,126284,323643,71.93233569001194,28.067664309988068
Vermont,1972,186947,68174,117149,63.2134165753846,36.7865834246154
Virginia,1972,1457019,438887,988493,69.25226639016941,30.747733609830597
Washington,1972,1470847,568334,837135,59.56267978873956,40.43732021126044
West Virginia,1972,762399,277435,484964,63.61026181828675,36.38973818171325
Wisconsin,1972,1852890,810174,989430,54.98042902771944,45.01957097228057
Wyoming,1972,145570,44358,100464,69.37067572606372,30.62932427393628
