state,year,party,pv2p,last_pv2p,winner,incumbent,incumbent_party
Alabama,1988,republican,59.74556839808891,61.26339535131827,TRUE,FALSE,TRUE
Alabama,1988,democrat,40.254431601911094,38.736604648681734,FALSE,FALSE,FALSE
Alabama,1992,republican,53.82112645990298,59.74556839808891,FALSE,TRUE,TRUE
Alabama,1992,democrat,46.178873540097015,40.254431601911094,TRUE,FALSE,FALSE
Alabama,1996,republican,53.73387115368894,53.82112645990298,FALSE,FALSE,FALSE
Alabama,1996,democrat,46.266128846311055,46.178873540097015,TRUE,TRUE,TRUE
Alabama,2000,republican,57.60694192133109,53.73387115368894,TRUE,FALSE,FALSE
Alabama,2000,democrat,42.39305807866891,46.266128846311055,FALSE,FALSE,TRUE
Alabama,2004,republican,62.89777135228225,57.60694192133109,TRUE,TRUE,TRUE
Alabama,2004,democrat,37.10222864771775,42.39305807866891,FALSE,FALSE,FALSE
Alabama,2008,republican,60.890902753572675,62.89777135228225,FALSE,FALSE,TRUE
Alabama,2008,democrat,39.109097246427325,37.10222864771775,TRUE,FALSE,FALSE
Alabama,2012,republican,61.216228533437715,60.890902753572675,FALSE,FALSE,FALSE
Alabama,2012,democrat,38.78377146656229,39.109097246427325,TRUE,TRUE,TRUE
Alabama,2016,republican,64.37414359396074,61.216228533437715,TRUE,FALSE,FALSE
Alabama,2016,democrat,35.62585640603926,38.78377146656229,FALSE,FALSE,TRUE
Alaska,1988,republican,62.16331743425339,69.05591264771638,TRUE,FALSE,TRUE
Alaska,1988,democrat,37.83668256574661,30.944087352283617,FALSE,FALSE,FALSE
Alaska,1992,republican,56.57426203867018,62.16331743425339,FALSE,TRUE,TRUE
Alaska,1992,democrat,43.42573796132983,37.83668256574661,TRUE,FALSE,FALSE
Alaska,1996,republican,60.42850250583381,56.57426203867018,FALSE,FALSE,FALSE
Alaska,1996,democrat,39.57149749416618,43.42573796132983,TRUE,TRUE,TRUE
Alaska,2000,republican,67.93694856372919,60.42850250583381,TRUE,FALSE,FALSE
Alaska,2000,democrat,32.06305143627081,39.57149749416618,FALSE,FALSE,TRUE
Alaska,2004,republican,63.22628298124632,67.93694856372919,TRUE,TRUE,TRUE
Alaska,2004,democrat,36.77371701875368,32.06305143627081,FALSE,FALSE,FALSE
Alaska,2008,republican,61.064784916597105,63.22628298124632,FALSE,FALSE,TRUE
Alaska,2008,democrat,38.9352150834029,36.77371701875368,TRUE,FALSE,FALSE
Alaska,2012,republican,57.315290481560375,61.064784916597105,FALSE,FALSE,FALSE
Alaska,2012,democrat,42.684709518439625,38.9352150834029,TRUE,TRUE,TRUE
Alaska,2016,republican,58.38565471106807,57.315290481560375,TRUE,FALSE,FALSE
Alaska,2016,democrat,41.61434528893193,42.684709518439625,FALSE,FALSE,TRUE
Arizona,1988,republican,60.7434915309925,67.116727570006,TRUE,FALSE,TRUE
Arizona,1988,democrat,39.25650846900749,32.883272429993994,FALSE,FALSE,FALSE
Arizona,1992,republican,51.30190398301194,60.7434915309925,FALSE,TRUE,TRUE
Arizona,1992,democrat,48.69809601698806,39.25650846900749,TRUE,FALSE,FALSE
Arizona,1996,republican,48.77622884814574,51.30190398301194,FALSE,FALSE,FALSE
Arizona,1996,democrat,51.22377115185426,48.69809601698806,TRUE,TRUE,TRUE
Arizona,2000,republican,53.28259916713986,48.77622884814574,TRUE,FALSE,FALSE
Arizona,2000,democrat,46.71740083286014,51.22377115185426,FALSE,FALSE,TRUE
Arizona,2004,republican,55.275005030488266,53.28259916713986,TRUE,TRUE,TRUE
Arizona,2004,democrat,44.72499496951174,46.71740083286014,FALSE,FALSE,FALSE
Arizona,2008,republican,54.31390071961633,55.275005030488266,FALSE,FALSE,TRUE
Arizona,2008,democrat,45.68609928038368,44.72499496951174,TRUE,FALSE,FALSE
Arizona,2012,republican,54.61338022370319,54.31390071961633,FALSE,FALSE,FALSE
Arizona,2012,democrat,45.38661977629681,45.68609928038368,TRUE,TRUE,TRUE
Arizona,2016,republican,51.89002340103946,54.61338022370319,TRUE,FALSE,FALSE
Arizona,2016,democrat,48.10997659896054,45.38661977629681,FALSE,FALSE,TRUE
Arkansas,1988,republican,57.19164271311511,61.227588101944086,TRUE,FALSE,TRUE
Arkansas,1988,democrat,42.8083572868849,38.77241189805592,FALSE,FALSE,FALSE
Arkansas,1992,republican,40.007732933877485,57.19164271311511,FALSE,TRUE,TRUE
Arkansas,1992,democrat,59.992267066122515,42.8083572868849,TRUE,FALSE,FALSE
Arkansas,1996,republican,40.64717513524451,40.007732933877485,FALSE,FALSE,FALSE
Arkansas,1996,democrat,59.35282486475548,59.992267066122515,TRUE,TRUE,TRUE
Arkansas,2000,republican,52.80068951042081,40.64717513524451,TRUE,FALSE,FALSE
Arkansas,2000,democrat,47.19931048957919,59.35282486475548,FALSE,FALSE,TRUE
Arkansas,2004,republican,54.93574825166778,52.80068951042081,TRUE,TRUE,TRUE
Arkansas,2004,democrat,45.06425174833222,47.19931048957919,FALSE,FALSE,FALSE
Arkansas,2008,republican,60.17172061071726,54.93574825166778,FALSE,FALSE,TRUE
Arkansas,2008,democrat,39.82827938928274,45.06425174833222,TRUE,FALSE,FALSE
Arkansas,2012,republican,62.15440535122961,60.17172061071726,FALSE,FALSE,FALSE
Arkansas,2012,democrat,37.84559464877038,39.82827938928274,TRUE,TRUE,TRUE
Arkansas,2016,republican,64.28513768977047,62.15440535122961,TRUE,FALSE,FALSE
Arkansas,2016,democrat,35.714862310229535,37.84559464877038,FALSE,FALSE,TRUE
California,1988,republican,51.80731053637588,58.22453482219766,TRUE,FALSE,TRUE
California,1988,democrat,48.19268946362411,41.77546517780233,FALSE,FALSE,FALSE
California,1992,republican,41.48327123062092,51.80731053637588,FALSE,TRUE,TRUE
California,1992,democrat,58.51672876937908,48.19268946362411,TRUE,FALSE,FALSE
California,1996,republican,42.78373476903106,41.48327123062092,FALSE,FALSE,FALSE
California,1996,democrat,57.21626523096894,58.51672876937908,TRUE,TRUE,TRUE
California,2000,republican,43.79701000092822,42.78373476903106,TRUE,FALSE,FALSE
California,2000,democrat,56.20298999907178,57.21626523096894,FALSE,FALSE,TRUE
California,2004,republican,44.958679547177546,43.79701000092822,TRUE,TRUE,TRUE
California,2004,democrat,55.041320452822454,56.20298999907178,FALSE,FALSE,FALSE
California,2008,republican,37.721550408414586,44.958679547177546,FALSE,FALSE,TRUE
California,2008,democrat,62.27844959158541,55.041320452822454,TRUE,FALSE,FALSE
California,2012,republican,38.12718883670338,37.721550408414586,FALSE,FALSE,FALSE
California,2012,democrat,61.872811163296625,62.27844959158541,TRUE,TRUE,TRUE
California,2016,republican,33.871779457270115,38.12718883670338,TRUE,FALSE,FALSE
California,2016,democrat,66.12822054272989,61.872811163296625,FALSE,FALSE,TRUE
Colorado,1988,republican,53.95382438149715,64.3657698356506,TRUE,FALSE,TRUE
Colorado,1988,democrat,46.04617561850285,35.634230164349404,FALSE,FALSE,FALSE
Colorado,1992,republican,47.19793447717502,53.95382438149715,FALSE,TRUE,TRUE
Colorado,1992,democrat,52.80206552282498,46.04617561850285,TRUE,FALSE,FALSE
Colorado,1996,republican,50.75920763022744,47.19793447717502,FALSE,FALSE,FALSE
Colorado,1996,democrat,49.240792369772564,52.80206552282498,TRUE,TRUE,TRUE
Colorado,2000,republican,54.48591994327903,50.75920763022744,TRUE,FALSE,FALSE
Colorado,2000,democrat,45.51408005672097,49.240792369772564,FALSE,FALSE,TRUE
Colorado,2004,republican,52.36622955824264,54.48591994327903,TRUE,TRUE,TRUE
Colorado,2004,democrat,47.63377044175737,45.51408005672097,FALSE,FALSE,FALSE
Colorado,2008,republican,45.44936530682658,52.36622955824264,FALSE,FALSE,TRUE
Colorado,2008,democrat,54.55063469317343,47.63377044175737,TRUE,FALSE,FALSE
Colorado,2012,republican,47.252011685797484,45.44936530682658,FALSE,FALSE,FALSE
Colorado,2012,democrat,52.74798831420252,54.55063469317343,TRUE,TRUE,TRUE
Colorado,2016,republican,47.316666627317566,47.252011685797484,TRUE,FALSE,FALSE
Colorado,2016,democrat,52.68333337268244,52.74798831420252,FALSE,FALSE,TRUE
Connecticut,1988,republican,52.581150456432994,60.999168763018034,TRUE,FALSE,TRUE
Connecticut,1988,democrat,47.418849543567006,39.000831236981966,FALSE,FALSE,FALSE
Connecticut,1992,republican,45.87488329257332,52.581150456432994,FALSE,TRUE,TRUE
Connecticut,1992,democrat,54.12511670742668,47.418849543567006,TRUE,FALSE,FALSE
Connecticut,1996,republican,39.63649311768726,45.87488329257332,FALSE,FALSE,FALSE
Connecticut,1996,democrat,60.363506882312734,54.12511670742668,TRUE,TRUE,TRUE
Connecticut,2000,republican,40.74434195114548,39.63649311768726,TRUE,FALSE,FALSE
Connecticut,2000,democrat,59.25565804885452,60.363506882312734,FALSE,FALSE,TRUE
Connecticut,2004,republican,44.725052439415876,40.74434195114548,TRUE,TRUE,TRUE
Connecticut,2004,democrat,55.27494756058412,59.25565804885452,FALSE,FALSE,FALSE
Connecticut,2008,republican,38.68166175024582,44.725052439415876,FALSE,FALSE,TRUE
Connecticut,2008,democrat,61.31833824975418,55.27494756058412,TRUE,FALSE,FALSE
Connecticut,2012,republican,41.227422523092905,38.68166175024582,FALSE,FALSE,FALSE
Connecticut,2012,democrat,58.772577476907095,61.31833824975418,TRUE,TRUE,TRUE
Connecticut,2016,republican,42.85845248273636,41.227422523092905,TRUE,FALSE,FALSE
Connecticut,2016,democrat,57.14154751726363,58.772577476907095,FALSE,FALSE,TRUE
Delaware,1988,republican,56.24118959586928,59.95367269919557,TRUE,FALSE,TRUE
Delaware,1988,democrat,43.75881040413072,40.04632730080442,FALSE,FALSE,FALSE
Delaware,1992,republican,44.80200729527471,56.24118959586928,FALSE,TRUE,TRUE
Delaware,1992,democrat,55.19799270472529,43.75881040413072,TRUE,FALSE,FALSE
Delaware,1996,republican,41.376343367430046,44.80200729527471,FALSE,FALSE,FALSE
Delaware,1996,democrat,58.623656632569954,55.19799270472529,TRUE,TRUE,TRUE
Delaware,2000,republican,43.259935214711554,41.376343367430046,TRUE,FALSE,FALSE
Delaware,2000,democrat,56.740064785288446,58.623656632569954,FALSE,FALSE,TRUE
Delaware,2004,republican,46.1684937549084,43.259935214711554,TRUE,TRUE,TRUE
Delaware,2004,democrat,53.83150624509161,56.740064785288446,FALSE,FALSE,FALSE
Delaware,2008,republican,37.36186135011144,46.1684937549084,FALSE,FALSE,TRUE
Delaware,2008,democrat,62.63813864988855,53.83150624509161,TRUE,FALSE,FALSE
Delaware,2012,republican,40.55304508072184,37.36186135011144,FALSE,FALSE,FALSE
Delaware,2012,democrat,59.44695491927816,62.63813864988855,TRUE,TRUE,TRUE
Delaware,2016,republican,44.001378556318784,40.55304508072184,TRUE,FALSE,FALSE
Delaware,2016,democrat,55.998621443681216,59.44695491927816,FALSE,FALSE,TRUE
District of Columbia,1988,republican,14.754247394343226,13.852266052899239,TRUE,FALSE,TRUE
District of Columbia,1988,democrat,85.24575260565678,86.14773394710076,FALSE,FALSE,FALSE
District of Columbia,1992,republican,9.702930380607265,14.754247394343226,FALSE,TRUE,TRUE
District of Columbia,1992,democrat,90.29706961939273,85.24575260565678,TRUE,FALSE,FALSE
District of Columbia,1996,republican,9.876451791135743,9.702930380607265,FALSE,FALSE,FALSE
District of Columbia,1996,democrat,90.12354820886426,90.29706961939273,TRUE,TRUE,TRUE
District of Columbia,2000,republican,9.51230552222152,9.876451791135743,TRUE,FALSE,FALSE
District of Columbia,2000,democrat,90.48769447777848,90.12354820886426,FALSE,FALSE,TRUE
District of Columbia,2004,republican,9.479721352563931,9.51230552222152,TRUE,TRUE,TRUE
District of Columbia,2004,democrat,90.52027864743607,90.48769447777848,FALSE,FALSE,FALSE
District of Columbia,2008,republican,6.599231666584336,9.479721352563931,FALSE,FALSE,TRUE
District of Columbia,2008,democrat,93.40076833341567,90.52027864743607,TRUE,FALSE,FALSE
District of Columbia,2012,republican,7.412350797882484,6.599231666584336,FALSE,FALSE,FALSE
District of Columbia,2012,democrat,92.58764920211752,93.40076833341567,TRUE,TRUE,TRUE
District of Columbia,2016,republican,4.304811658145916,7.412350797882484,TRUE,FALSE,FALSE
District of Columbia,2016,democrat,95.69518834185409,92.58764920211752,FALSE,FALSE,TRUE
Florida,1988,republican,61.25207164585159,65.33241321354548,TRUE,FALSE,TRUE
Florida,1988,democrat,38.747928354148414,34.66758678645452,FALSE,FALSE,FALSE
Florida,1992,republican,51.19684108958098,61.25207164585159,FALSE,TRUE,TRUE
Florida,1992,democrat,48.803158910419015,38.747928354148414,TRUE,FALSE,FALSE
Florida,1996,republican,46.8450388048936,51.19684108958098,FALSE,FALSE,FALSE
Florida,1996,democrat,53.15496119510641,48.803158910419015,TRUE,TRUE,TRUE
Florida,2000,republican,50.00460940803355,46.8450388048936,TRUE,FALSE,FALSE
Florida,2000,democrat,49.99539059196644,53.15496119510641,FALSE,FALSE,TRUE
Florida,2004,republican,52.523679575668794,50.00460940803355,TRUE,TRUE,TRUE
Florida,2004,democrat,47.47632042433121,49.99539059196644,FALSE,FALSE,FALSE
Florida,2008,republican,48.580339969100706,52.523679575668794,FALSE,FALSE,TRUE
Florida,2008,democrat,51.419660030899294,47.47632042433121,TRUE,FALSE,FALSE
Florida,2012,republican,49.55774786063377,48.580339969100706,FALSE,FALSE,FALSE
Florida,2012,democrat,50.442252139366225,51.419660030899294,TRUE,TRUE,TRUE
Florida,2016,republican,50.61883547277548,49.55774786063377,TRUE,FALSE,FALSE
Florida,2016,democrat,49.38116452722452,50.442252139366225,FALSE,FALSE,TRUE
Georgia,1988,republican,60.203616344760356,60.197820148139805,TRUE,FALSE,TRUE
Georgia,1988,democrat,39.796383655239644,39.802179851860195,FALSE,FALSE,FALSE
Georgia,1992,republican,49.657871548903366,60.203616344760356,FALSE,TRUE,TRUE
Georgia,1992,democrat,50.342128451096634,39.796383655239644,TRUE,FALSE,FALSE
Georgia,1996,republican,50.63226919855417,49.657871548903366,FALSE,FALSE,FALSE
Georgia,1996,democrat,49.36773080144583,50.342128451096634,TRUE,TRUE,TRUE
Georgia,2000,republican,55.983753622902654,50.63226919855417,TRUE,FALSE,FALSE
Georgia,2000,democrat,44.01624637709734,49.36773080144583,FALSE,FALSE,TRUE
Georgia,2004,republican,58.35423269640956,55.983753622902654,TRUE,TRUE,TRUE
Georgia,2004,democrat,41.64576730359044,44.01624637709734,FALSE,FALSE,FALSE
Georgia,2008,republican,52.62833551081179,58.35423269640956,FALSE,FALSE,TRUE
Georgia,2008,democrat,47.37166448918821,41.64576730359044,TRUE,FALSE,FALSE
Georgia,2012,republican,53.95664909805672,52.62833551081179,FALSE,FALSE,FALSE
Georgia,2012,democrat,46.04335090194328,47.37166448918821,TRUE,TRUE,TRUE
Georgia,2016,republican,52.66117259930322,53.95664909805672,TRUE,FALSE,FALSE
Georgia,2016,democrat,47.338827400696786,46.04335090194328,FALSE,FALSE,TRUE
Hawaii,1988,republican,45.19372401984108,55.703724217649395,TRUE,FALSE,TRUE
Hawaii,1988,democrat,54.80627598015892,44.296275782350605,FALSE,FALSE,FALSE
Hawaii,1992,republican,43.280022269178694,45.19372401984108,FALSE,TRUE,TRUE
Hawaii,1992,democrat,56.719977730821306,54.80627598015892,TRUE,FALSE,FALSE
Hawaii,1996,republican,35.72384819175119,43.280022269178694,FALSE,FALSE,FALSE
Hawaii,1996,democrat,64.27615180824881,56.719977730821306,TRUE,TRUE,TRUE
Hawaii,2000,republican,40.172703719570656,35.72384819175119,TRUE,FALSE,FALSE
Hawaii,2000,democrat,59.827296280429344,64.27615180824881,FALSE,FALSE,TRUE
Hawaii,2004,republican,45.59555199706973,40.172703719570656,TRUE,TRUE,TRUE
Hawaii,2004,democrat,54.40444800293027,59.827296280429344,FALSE,FALSE,FALSE
Hawaii,2008,republican,27.00627412154459,45.59555199706973,FALSE,FALSE,TRUE
Hawaii,2008,democrat,72.99372587845542,54.40444800293027,TRUE,FALSE,FALSE
Hawaii,2012,republican,28.296151498925582,27.00627412154459,FALSE,FALSE,FALSE
Hawaii,2012,democrat,71.70384850107442,72.99372587845542,TRUE,TRUE,TRUE
Hawaii,2016,republican,32.55866254946454,28.296151498925582,TRUE,FALSE,FALSE
Hawaii,2016,democrat,67.44133745053546,71.70384850107442,FALSE,FALSE,TRUE
Idaho,1988,republican,63.28782285063305,73.27557119741499,TRUE,FALSE,TRUE
Idaho,1988,democrat,36.71217714936695,26.72442880258501,FALSE,FALSE,FALSE
Idaho,1992,republican,59.66148302115658,63.28782285063305,FALSE,TRUE,TRUE
Idaho,1992,democrat,40.33851697884342,36.71217714936695,TRUE,FALSE,FALSE
Idaho,1996,republican,60.79902757571594,59.66148302115658,FALSE,FALSE,FALSE
Idaho,1996,democrat,39.20097242428407,40.33851697884342,TRUE,TRUE,TRUE
Idaho,2000,republican,70.84849045574401,60.79902757571594,TRUE,FALSE,FALSE
Idaho,2000,democrat,29.151509544255994,39.20097242428407,FALSE,FALSE,TRUE
Idaho,2004,republican,69.32273818336431,70.84849045574401,TRUE,TRUE,TRUE
Idaho,2004,democrat,30.6772618166357,29.151509544255994,FALSE,FALSE,FALSE
Idaho,2008,republican,63.02458980502055,69.32273818336431,FALSE,FALSE,TRUE
Idaho,2008,democrat,36.97541019497945,30.6772618166357,TRUE,FALSE,FALSE
Idaho,2012,republican,66.42138684357533,63.02458980502055,FALSE,FALSE,FALSE
Idaho,2012,democrat,33.578613156424666,36.97541019497945,TRUE,TRUE,TRUE
Idaho,2016,republican,68.31017668080558,66.42138684357533,TRUE,FALSE,FALSE
Idaho,2016,democrat,31.689823319194417,33.578613156424666,FALSE,FALSE,TRUE
Illinois,1988,republican,51.04927699635886,56.47325330722075,TRUE,FALSE,TRUE
Illinois,1988,democrat,48.95072300364114,43.52674669277925,FALSE,FALSE,FALSE
Illinois,1992,republican,41.411781787753206,51.04927699635886,FALSE,TRUE,TRUE
Illinois,1992,democrat,58.5882182122468,48.95072300364114,TRUE,FALSE,FALSE
Illinois,1996,republican,40.39490781454223,41.411781787753206,FALSE,FALSE,FALSE
Illinois,1996,democrat,59.60509218545778,58.5882182122468,TRUE,TRUE,TRUE
Illinois,2000,republican,43.81998968416041,40.39490781454223,TRUE,FALSE,FALSE
Illinois,2000,democrat,56.18001031583959,59.60509218545778,FALSE,FALSE,TRUE
Illinois,2004,republican,44.79136595044655,43.81998968416041,TRUE,TRUE,TRUE
Illinois,2004,democrat,55.20863404955345,56.18001031583959,FALSE,FALSE,FALSE
Illinois,2008,republican,37.26573595544064,44.79136595044655,FALSE,FALSE,TRUE
Illinois,2008,democrat,62.73426404455936,55.20863404955345,TRUE,FALSE,FALSE
Illinois,2012,republican,41.42247660788309,37.26573595544064,FALSE,FALSE,FALSE
Illinois,2012,democrat,58.5775233921169,62.73426404455936,TRUE,TRUE,TRUE
Illinois,2016,republican,40.97994860928852,41.42247660788309,TRUE,FALSE,FALSE
Illinois,2016,democrat,59.02005139071148,58.5775233921169,FALSE,FALSE,TRUE
Indiana,1988,republican,60.12599112493201,62.07342912168372,TRUE,FALSE,TRUE
Indiana,1988,democrat,39.87400887506799,37.926570878316284,FALSE,FALSE,FALSE
Indiana,1992,republican,53.83489453393877,60.12599112493201,FALSE,TRUE,TRUE
Indiana,1992,democrat,46.16510546606123,39.87400887506799,TRUE,FALSE,FALSE
Indiana,1996,republican,53.14840635504565,53.83489453393877,FALSE,FALSE,FALSE
Indiana,1996,democrat,46.851593644954356,46.16510546606123,TRUE,TRUE,TRUE
Indiana,2000,republican,58.004782532581935,53.14840635504565,TRUE,FALSE,FALSE
Indiana,2000,democrat,41.995217467418065,46.851593644954356,FALSE,FALSE,TRUE
Indiana,2004,republican,60.42347624965846,58.004782532581935,TRUE,TRUE,TRUE
Indiana,2004,democrat,39.57652375034154,41.995217467418065,FALSE,FALSE,FALSE
Indiana,2008,republican,49.47804655462191,60.42347624965846,FALSE,FALSE,TRUE
Indiana,2008,democrat,50.52195344537809,39.57652375034154,TRUE,FALSE,FALSE
Indiana,2012,republican,55.200374597327304,49.47804655462191,FALSE,FALSE,FALSE
Indiana,2012,democrat,44.799625402672696,50.52195344537809,TRUE,TRUE,TRUE
Indiana,2016,republican,60.117309524508066,55.200374597327304,TRUE,FALSE,FALSE
Indiana,2016,democrat,39.88269047549193,44.799625402672696,FALSE,FALSE,TRUE
Iowa,1988,republican,44.85151885991749,53.72382533002015,TRUE,FALSE,TRUE
Iowa,1988,democrat,55.14848114008251,46.27617466997986,FALSE,FALSE,FALSE
Iowa,1992,republican,46.26747088643786,44.85151885991749,FALSE,TRUE,TRUE
Iowa,1992,democrat,53.73252911356213,55.14848114008251,TRUE,FALSE,FALSE
Iowa,1996,republican,44.26661107626727,46.26747088643786,FALSE,FALSE,FALSE
Iowa,1996,democrat,55.73338892373273,53.73252911356213,TRUE,TRUE,TRUE
Iowa,2000,republican,49.83722081248183,44.26661107626727,TRUE,FALSE,FALSE
Iowa,2000,democrat,50.16277918751817,55.73338892373273,FALSE,FALSE,TRUE
Iowa,2004,republican,50.33667926271291,49.83722081248183,TRUE,TRUE,TRUE
Iowa,2004,democrat,49.66332073728709,50.16277918751817,FALSE,FALSE,FALSE
Iowa,2008,republican,45.15122221053265,50.33667926271291,FALSE,FALSE,TRUE
Iowa,2008,democrat,54.84877778946735,49.66332073728709,TRUE,FALSE,FALSE
Iowa,2012,republican,47.040648071899824,45.15122221053265,FALSE,FALSE,FALSE
Iowa,2012,democrat,52.959351928100176,54.84877778946735,TRUE,TRUE,TRUE
Iowa,2016,republican,55.06354784512034,47.040648071899824,TRUE,FALSE,FALSE
Iowa,2016,democrat,44.93645215487965,52.959351928100176,FALSE,FALSE,TRUE
Kansas,1988,republican,56.72750170218648,67.02947711156966,TRUE,FALSE,TRUE
Kansas,1988,democrat,43.27249829781352,32.970522888430345,FALSE,FALSE,FALSE
Kansas,1992,republican,53.54105558761758,56.72750170218648,FALSE,TRUE,TRUE
Kansas,1992,democrat,46.45894441238242,43.27249829781352,TRUE,FALSE,FALSE
Kansas,1996,republican,60.07236554798414,53.54105558761758,FALSE,FALSE,FALSE
Kansas,1996,democrat,39.92763445201585,46.45894441238242,TRUE,TRUE,TRUE
Kansas,2000,republican,60.916907463528084,60.07236554798414,TRUE,FALSE,FALSE
Kansas,2000,democrat,39.083092536471916,39.92763445201585,FALSE,FALSE,TRUE
Kansas,2004,republican,62.867098781082234,60.916907463528084,TRUE,TRUE,TRUE
Kansas,2004,democrat,37.132901218917766,39.083092536471916,FALSE,FALSE,FALSE
Kansas,2008,republican,57.61227581890944,62.867098781082234,FALSE,FALSE,TRUE
Kansas,2008,democrat,42.38772418109056,37.132901218917766,TRUE,FALSE,FALSE
Kansas,2012,republican,61.11332674525305,57.61227581890944,FALSE,FALSE,FALSE
Kansas,2012,democrat,38.886673254746945,42.38772418109056,TRUE,TRUE,TRUE
Kansas,2016,republican,61.111470342606665,61.11332674525305,TRUE,FALSE,FALSE
Kansas,2016,democrat,38.888529657393335,38.886673254746945,FALSE,FALSE,TRUE
Kentucky,1988,republican,55.85376781178854,60.36418238945198,TRUE,FALSE,TRUE
Kentucky,1988,democrat,44.14623218821146,39.635817610548024,FALSE,FALSE,FALSE
Kentucky,1992,republican,48.13122230523395,55.85376781178854,FALSE,TRUE,TRUE
Kentucky,1992,democrat,51.86877769476605,44.14623218821146,TRUE,FALSE,FALSE
Kentucky,1996,republican,49.47094881565715,48.13122230523395,FALSE,FALSE,FALSE
Kentucky,1996,democrat,50.52905118434284,51.86877769476605,TRUE,TRUE,TRUE
Kentucky,2000,republican,57.727615265676576,49.47094881565715,TRUE,FALSE,FALSE
Kentucky,2000,democrat,42.272384734323424,50.52905118434284,FALSE,FALSE,TRUE
Kentucky,2004,republican,60.00761991547393,57.727615265676576,TRUE,TRUE,TRUE
Kentucky,2004,democrat,39.992380084526076,42.272384734323424,FALSE,FALSE,FALSE
Kentucky,2008,republican,58.23342758770461,60.00761991547393,FALSE,FALSE,TRUE
Kentucky,2008,democrat,41.76657241229539,39.992380084526076,TRUE,FALSE,FALSE
Kentucky,2012,republican,61.54277239380491,58.23342758770461,FALSE,FALSE,FALSE
Kentucky,2012,democrat,38.45722760619509,41.76657241229539,TRUE,TRUE,TRUE
Kentucky,2016,republican,65.67062901750987,61.54277239380491,TRUE,FALSE,FALSE
Kentucky,2016,democrat,34.32937098249014,38.45722760619509,FALSE,FALSE,TRUE
Louisiana,1988,republican,55.19129232394974,61.419161162542146,TRUE,FALSE,TRUE
Louisiana,1988,democrat,44.80870767605027,38.58083883745785,FALSE,FALSE,FALSE
Louisiana,1992,republican,47.33486213958435,55.19129232394974,FALSE,TRUE,TRUE
Louisiana,1992,democrat,52.66513786041565,44.80870767605027,TRUE,FALSE,FALSE
Louisiana,1996,republican,43.43916172840785,47.33486213958435,FALSE,FALSE,FALSE
Louisiana,1996,democrat,56.56083827159214,52.66513786041565,TRUE,TRUE,TRUE
Louisiana,2000,republican,53.93924596634723,43.43916172840785,TRUE,FALSE,FALSE
Louisiana,2000,democrat,46.06075403365277,56.56083827159214,FALSE,FALSE,TRUE
Louisiana,2004,republican,57.330941269243496,53.93924596634723,TRUE,TRUE,TRUE
Louisiana,2004,democrat,42.66905873075651,46.06075403365277,FALSE,FALSE,FALSE
Louisiana,2008,republican,59.45717416158537,57.330941269243496,FALSE,FALSE,TRUE
Louisiana,2008,democrat,40.542825838414636,42.66905873075651,TRUE,FALSE,FALSE
Louisiana,2012,republican,58.74682561411397,59.45717416158537,FALSE,FALSE,FALSE
Louisiana,2012,democrat,41.25317438588602,40.542825838414636,TRUE,TRUE,TRUE
Louisiana,2016,republican,60.1716772378078,58.74682561411397,TRUE,FALSE,FALSE
Louisiana,2016,democrat,39.82832276219221,41.25317438588602,FALSE,FALSE,TRUE
Maine,1988,republican,55.771018703468314,61.06911790060162,TRUE,FALSE,TRUE
Maine,1988,democrat,44.228981296531686,38.93088209939838,FALSE,FALSE,FALSE
Maine,1992,republican,43.94412713545169,55.771018703468314,FALSE,TRUE,TRUE
Maine,1992,democrat,56.055872864548306,44.228981296531686,TRUE,FALSE,FALSE
Maine,1996,republican,37.337879583144684,43.94412713545169,FALSE,FALSE,FALSE
Maine,1996,democrat,62.662120416855316,56.055872864548306,TRUE,TRUE,TRUE
Maine,2000,republican,47.25215845899958,37.337879583144684,TRUE,FALSE,FALSE
Maine,2000,democrat,52.74784154100042,62.662120416855316,FALSE,FALSE,TRUE
Maine,2004,republican,45.4169835896914,47.25215845899958,TRUE,TRUE,TRUE
Maine,2004,democrat,54.5830164103086,52.74784154100042,FALSE,FALSE,FALSE
Maine,2008,republican,41.1704750165924,45.4169835896914,FALSE,FALSE,TRUE
Maine,2008,democrat,58.8295249834076,54.5830164103086,TRUE,FALSE,FALSE
Maine,2012,republican,42.14007860642289,41.1704750165924,FALSE,FALSE,FALSE
Maine,2012,democrat,57.85992139357711,58.8295249834076,TRUE,TRUE,TRUE
Maine,2016,republican,48.40320887083747,42.14007860642289,TRUE,FALSE,FALSE
Maine,2016,democrat,51.59679112916253,57.85992139357711,FALSE,FALSE,TRUE
Maryland,1988,republican,51.46443023111701,52.75752719214463,TRUE,FALSE,TRUE
Maryland,1988,democrat,48.53556976888299,47.24247280785537,FALSE,FALSE,FALSE
Maryland,1992,republican,41.70009996078235,51.46443023111701,FALSE,TRUE,TRUE
Maryland,1992,democrat,58.299900039217654,48.53556976888299,TRUE,FALSE,FALSE
Maryland,1996,republican,41.36157651372761,41.70009996078235,FALSE,FALSE,FALSE
Maryland,1996,democrat,58.63842348627239,58.299900039217654,TRUE,TRUE,TRUE
Maryland,2000,republican,41.56770105754571,41.36157651372761,TRUE,FALSE,FALSE
Maryland,2000,democrat,58.432298942454295,58.63842348627239,FALSE,FALSE,TRUE
Maryland,2004,republican,43.4344157924988,41.56770105754571,TRUE,TRUE,TRUE
Maryland,2004,democrat,56.565584207501196,58.432298942454295,FALSE,FALSE,FALSE
Maryland,2008,republican,37.06991270711447,43.4344157924988,FALSE,FALSE,TRUE
Maryland,2008,democrat,62.93008729288553,56.565584207501196,TRUE,FALSE,FALSE
Maryland,2012,republican,36.67827421309402,37.06991270711447,FALSE,FALSE,FALSE
Maryland,2012,democrat,63.32172578690598,62.93008729288553,TRUE,TRUE,TRUE
Maryland,2016,republican,35.98375031523061,36.67827421309402,TRUE,FALSE,FALSE
Maryland,2016,democrat,64.01624968476939,63.32172578690598,FALSE,FALSE,TRUE
Massachusetts,1988,republican,46.01741106681304,51.39833023725937,TRUE,FALSE,TRUE
Massachusetts,1988,democrat,53.98258893318696,48.60166976274062,FALSE,FALSE,FALSE
Massachusetts,1992,republican,37.90777132879843,46.01741106681304,FALSE,TRUE,TRUE
Massachusetts,1992,democrat,62.09222867120157,53.98258893318696,TRUE,FALSE,FALSE
Massachusetts,1996,republican,31.362174594584914,37.90777132879843,FALSE,FALSE,FALSE
Massachusetts,1996,democrat,68.63782540541509,62.09222867120157,TRUE,TRUE,TRUE
Massachusetts,2000,republican,35.21065623936618,31.362174594584914,TRUE,FALSE,FALSE
Massachusetts,2000,democrat,64.78934376063381,68.63782540541509,FALSE,FALSE,TRUE
Massachusetts,2004,republican,37.25714448700811,35.21065623936618,TRUE,TRUE,TRUE
Massachusetts,2004,democrat,62.74285551299189,64.78934376063381,FALSE,FALSE,FALSE
Massachusetts,2008,republican,36.80292178664705,37.25714448700811,FALSE,FALSE,TRUE
Massachusetts,2008,democrat,63.19707821335295,62.74285551299189,TRUE,FALSE,FALSE
Massachusetts,2012,republican,38.214319250939994,36.80292178664705,FALSE,FALSE,FALSE
Massachusetts,2012,democrat,61.78568074906001,63.19707821335295,TRUE,TRUE,TRUE
Massachusetts,2016,republican,35.34872131037051,38.214319250939994,TRUE,FALSE,FALSE
Massachusetts,2016,democrat,64.65127868962949,61.78568074906001,FALSE,FALSE,TRUE
Michigan,1988,republican,53.97804996005513,59.54632499816858,TRUE,FALSE,TRUE
Michigan,1988,democrat,46.02195003994486,40.45367500183142,FALSE,FALSE,FALSE
Michigan,1992,republican,45.38484035302888,53.97804996005513,FALSE,TRUE,TRUE
Michigan,1992,democrat,54.61515964697112,46.02195003994486,TRUE,FALSE,FALSE
Michigan,1996,republican,42.675586633303226,45.38484035302888,FALSE,FALSE,FALSE
Michigan,1996,democrat,57.32441336669677,54.61515964697112,TRUE,TRUE,TRUE
Michigan,2000,republican,47.365393518265904,42.675586633303226,TRUE,FALSE,FALSE
Michigan,2000,democrat,52.63460648173409,57.32441336669677,FALSE,FALSE,TRUE
Michigan,2004,republican,48.2741555320348,47.365393518265904,TRUE,TRUE,TRUE
Michigan,2004,democrat,51.72584446796521,52.63460648173409,FALSE,FALSE,FALSE
Michigan,2008,republican,41.62869842384548,48.2741555320348,FALSE,FALSE,TRUE
Michigan,2008,democrat,58.37130157615452,51.72584446796521,TRUE,FALSE,FALSE
Michigan,2012,republican,45.19946792882212,41.62869842384548,FALSE,FALSE,FALSE
Michigan,2012,democrat,54.80053207117788,58.37130157615452,TRUE,TRUE,TRUE
Michigan,2016,republican,50.117668216961555,45.19946792882212,TRUE,FALSE,FALSE
Michigan,2016,democrat,49.88233178303845,54.80053207117788,FALSE,FALSE,TRUE
Minnesota,1988,republican,46.44914007475596,49.90910923180505,TRUE,FALSE,TRUE
Minnesota,1988,democrat,53.55085992524404,50.09089076819495,FALSE,FALSE,FALSE
Minnesota,1992,republican,42.278659775513646,46.44914007475596,FALSE,TRUE,TRUE
Minnesota,1992,democrat,57.72134022448636,53.55085992524404,TRUE,FALSE,FALSE
Minnesota,1996,republican,40.61931072862424,42.278659775513646,FALSE,FALSE,FALSE
Minnesota,1996,democrat,59.380689271375765,57.72134022448636,TRUE,TRUE,TRUE
Minnesota,2000,republican,48.71358802418868,40.61931072862424,TRUE,FALSE,FALSE
Minnesota,2000,democrat,51.28641197581132,59.380689271375765,FALSE,FALSE,TRUE
Minnesota,2004,republican,48.23908938933105,48.71358802418868,TRUE,TRUE,TRUE
Minnesota,2004,democrat,51.76091061066895,51.28641197581132,FALSE,FALSE,FALSE
Minnesota,2008,republican,44.77062500460726,48.23908938933105,FALSE,FALSE,TRUE
Minnesota,2008,democrat,55.22937499539273,51.76091061066895,TRUE,FALSE,FALSE
Minnesota,2012,republican,46.058773538301814,44.77062500460726,FALSE,FALSE,FALSE
Minnesota,2012,democrat,53.941226461698186,55.22937499539273,TRUE,TRUE,TRUE
Minnesota,2016,republican,49.168306292819516,46.058773538301814,TRUE,FALSE,FALSE
Minnesota,2016,democrat,50.83169370718048,53.941226461698186,FALSE,FALSE,TRUE
Mississippi,1988,republican,60.52108295518279,62.315035058941604,TRUE,FALSE,TRUE
Mississippi,1988,democrat,39.478917044817216,37.68496494105839,FALSE,FALSE,FALSE
Mississippi,1992,republican,54.92848946738419,60.52108295518279,FALSE,TRUE,TRUE
Mississippi,1992,democrat,45.071510532615804,39.478917044817216,TRUE,FALSE,FALSE
Mississippi,1996,republican,52.747223754587104,54.92848946738419,FALSE,FALSE,FALSE
Mississippi,1996,democrat,47.252776245412896,45.071510532615804,TRUE,TRUE,TRUE
Mississippi,2000,republican,58.605484839246294,52.747223754587104,TRUE,FALSE,FALSE
Mississippi,2000,democrat,41.394515160753706,47.252776245412896,FALSE,FALSE,TRUE
Mississippi,2004,republican,59.50500076962136,58.605484839246294,TRUE,TRUE,TRUE
Mississippi,2004,democrat,40.49499923037864,41.394515160753706,FALSE,FALSE,FALSE
Mississippi,2008,republican,56.64193099286384,59.50500076962136,FALSE,FALSE,TRUE
Mississippi,2008,democrat,43.358069007136166,40.49499923037864,TRUE,FALSE,FALSE
Mississippi,2012,republican,55.80189919878777,56.64193099286384,FALSE,FALSE,FALSE
Mississippi,2012,democrat,44.19810080121222,43.358069007136166,TRUE,TRUE,TRUE
Mississippi,2016,republican,59.08984732406006,55.80189919878777,TRUE,FALSE,FALSE
Mississippi,2016,democrat,40.91015267593994,44.19810080121222,FALSE,FALSE,TRUE
Missouri,1988,republican,51.99691168097722,60.024750667877036,TRUE,FALSE,TRUE
Missouri,1988,democrat,48.00308831902278,39.975249332122964,FALSE,FALSE,FALSE
Missouri,1992,republican,43.49303389968644,51.99691168097722,FALSE,TRUE,TRUE
Missouri,1992,democrat,56.50696610031356,48.00308831902278,TRUE,FALSE,FALSE
Missouri,1996,republican,46.45296252357184,43.49303389968644,FALSE,FALSE,FALSE
Missouri,1996,democrat,53.54703747642815,56.50696610031356,TRUE,TRUE,TRUE
Missouri,2000,republican,51.711948656750664,46.45296252357184,TRUE,FALSE,FALSE
Missouri,2000,democrat,48.288051343249336,53.54703747642815,FALSE,FALSE,TRUE
Missouri,2004,republican,53.61971266543984,51.711948656750664,TRUE,TRUE,TRUE
Missouri,2004,democrat,46.38028733456015,48.288051343249336,FALSE,FALSE,FALSE
Missouri,2008,republican,50.06757914967665,53.61971266543984,FALSE,FALSE,TRUE
Missouri,2008,democrat,49.93242085032335,46.38028733456015,TRUE,FALSE,FALSE
Missouri,2012,republican,54.778666753379966,50.06757914967665,FALSE,FALSE,FALSE
Missouri,2012,democrat,45.22133324662003,49.93242085032335,TRUE,TRUE,TRUE
Missouri,2016,republican,59.81856099556606,54.778666753379966,TRUE,FALSE,FALSE
Missouri,2016,democrat,40.18143900443393,45.22133324662003,FALSE,FALSE,TRUE
Montana,1988,republican,52.98818972138428,61.301398763687,TRUE,FALSE,TRUE
Montana,1988,democrat,47.01181027861572,38.698601236313,FALSE,FALSE,FALSE
Montana,1992,republican,48.2759428751247,52.98818972138428,FALSE,TRUE,TRUE
Montana,1992,democrat,51.7240571248753,47.01181027861572,TRUE,FALSE,FALSE
Montana,1996,republican,51.68741045072416,48.2759428751247,FALSE,FALSE,FALSE
Montana,1996,democrat,48.312589549275835,51.7240571248753,TRUE,TRUE,TRUE
Montana,2000,republican,63.656361978669715,51.68741045072416,TRUE,FALSE,FALSE
Montana,2000,democrat,36.343638021330285,48.312589549275835,FALSE,FALSE,TRUE
Montana,2004,republican,60.50007617566335,63.656361978669715,TRUE,TRUE,TRUE
Montana,2004,democrat,39.49992382433665,36.343638021330285,FALSE,FALSE,FALSE
Montana,2008,republican,51.16940328394073,60.50007617566335,FALSE,FALSE,TRUE
Montana,2008,democrat,48.83059671605927,39.49992382433665,TRUE,FALSE,FALSE
Montana,2012,republican,57.03423186388146,51.16940328394073,FALSE,FALSE,FALSE
Montana,2012,democrat,42.96576813611854,48.83059671605927,TRUE,TRUE,TRUE
Montana,2016,republican,61.10966431702444,57.03423186388146,TRUE,FALSE,FALSE
Montana,2016,democrat,38.89033568297556,42.96576813611854,FALSE,FALSE,TRUE
Nebraska,1988,republican,60.5540854941714,71.004753673293,TRUE,FALSE,TRUE
Nebraska,1988,democrat,39.4459145058286,28.995246326707004,FALSE,FALSE,FALSE
Nebraska,1992,republican,61.311730432331565,60.5540854941714,FALSE,TRUE,TRUE
Nebraska,1992,democrat,38.688269567668435,39.4459145058286,TRUE,FALSE,FALSE
Nebraska,1996,republican,60.55482250078303,61.311730432331565,FALSE,FALSE,FALSE
Nebraska,1996,democrat,39.44517749921697,38.688269567668435,TRUE,TRUE,TRUE
Nebraska,2000,republican,65.17948086208503,60.55482250078303,TRUE,FALSE,FALSE
Nebraska,2000,democrat,34.82051913791497,39.44517749921697,FALSE,FALSE,TRUE
Nebraska,2004,republican,66.84733725959471,65.17948086208503,TRUE,TRUE,TRUE
Nebraska,2004,democrat,33.1526627404053,34.82051913791497,FALSE,FALSE,FALSE
Nebraska,2008,republican,57.60907442216564,66.84733725959471,FALSE,FALSE,TRUE
Nebraska,2008,democrat,42.39092557783436,33.1526627404053,TRUE,FALSE,FALSE
Nebraska,2012,republican,61.12939026822536,57.60907442216564,FALSE,FALSE,FALSE
Nebraska,2012,democrat,38.870609731774636,42.39092557783436,TRUE,TRUE,TRUE
Nebraska,2016,republican,63.547674113177564,61.12939026822536,TRUE,FALSE,FALSE
Nebraska,2016,democrat,36.45232588682243,38.870609731774636,FALSE,FALSE,TRUE
Nevada,1988,republican,60.81858916458566,67.31568155478291,TRUE,FALSE,TRUE
Nevada,1988,democrat,39.18141083541434,32.68431844521708,FALSE,FALSE,FALSE
Nevada,1992,republican,48.175222480382274,60.81858916458566,FALSE,TRUE,TRUE
Nevada,1992,democrat,51.824777519617726,39.18141083541434,TRUE,FALSE,FALSE
Nevada,1996,republican,49.41346864475296,48.175222480382274,FALSE,FALSE,FALSE
Nevada,1996,democrat,50.58653135524703,51.824777519617726,TRUE,TRUE,TRUE
Nevada,2000,republican,51.85683849967243,49.41346864475296,TRUE,FALSE,FALSE
Nevada,2000,democrat,48.14316150032757,50.58653135524703,FALSE,FALSE,TRUE
Nevada,2004,republican,51.3175957248615,51.85683849967243,TRUE,TRUE,TRUE
Nevada,2004,democrat,48.6824042751385,48.14316150032757,FALSE,FALSE,FALSE
Nevada,2008,republican,43.6132618748039,51.3175957248615,FALSE,FALSE,TRUE
Nevada,2008,democrat,56.3867381251961,48.6824042751385,TRUE,FALSE,FALSE
Nevada,2012,republican,46.592457836653466,43.6132618748039,FALSE,FALSE,FALSE
Nevada,2012,democrat,53.407542163346534,56.3867381251961,TRUE,TRUE,TRUE
Nevada,2016,republican,48.7062905800148,46.592457836653466,TRUE,FALSE,FALSE
Nevada,2016,democrat,51.2937094199852,53.407542163346534,FALSE,FALSE,TRUE
New Hampshire,1988,republican,63.23363272713388,68.93445225440568,TRUE,FALSE,TRUE
New Hampshire,1988,democrat,36.76636727286612,31.065547745594312,FALSE,FALSE,FALSE
New Hampshire,1992,republican,49.2034486445505,63.23363272713388,FALSE,TRUE,TRUE
New Hampshire,1992,democrat,50.7965513554495,36.76636727286612,TRUE,FALSE,FALSE
New Hampshire,1996,republican,44.38836828931079,49.2034486445505,FALSE,FALSE,FALSE
New Hampshire,1996,democrat,55.61163171068921,50.7965513554495,TRUE,TRUE,TRUE
New Hampshire,2000,republican,50.6678001952188,44.38836828931079,TRUE,FALSE,FALSE
New Hampshire,2000,democrat,49.3321998047812,55.61163171068921,FALSE,FALSE,TRUE
New Hampshire,2004,republican,49.309711379862684,50.6678001952188,TRUE,TRUE,TRUE
New Hampshire,2004,democrat,50.690288620137316,49.3321998047812,FALSE,FALSE,FALSE
New Hampshire,2008,republican,45.131458879890495,49.309711379862684,FALSE,FALSE,TRUE
New Hampshire,2008,democrat,54.868541120109505,50.690288620137316,TRUE,FALSE,FALSE
New Hampshire,2012,republican,47.16624802174189,45.131458879890495,FALSE,FALSE,FALSE
New Hampshire,2012,democrat,52.83375197825811,54.868541120109505,TRUE,TRUE,TRUE
New Hampshire,2016,republican,49.802971557619294,47.16624802174189,TRUE,FALSE,FALSE
New Hampshire,2016,democrat,50.1970284423807,52.83375197825811,FALSE,FALSE,TRUE
New Jersey,1988,republican,56.90115761353517,60.52139108149635,TRUE,FALSE,TRUE
New Jersey,1988,democrat,43.098842386464824,39.47860891850365,FALSE,FALSE,FALSE
New Jersey,1992,republican,48.579681647906554,56.90115761353517,FALSE,TRUE,TRUE
New Jersey,1992,democrat,51.42031835209345,43.098842386464824,TRUE,FALSE,FALSE
New Jersey,1996,republican,40.0332067966873,48.579681647906554,FALSE,FALSE,FALSE
New Jersey,1996,democrat,59.9667932033127,51.42031835209345,TRUE,TRUE,TRUE
New Jersey,2000,republican,41.788590583279074,40.0332067966873,TRUE,FALSE,FALSE
New Jersey,2000,democrat,58.211409416720926,59.9667932033127,FALSE,FALSE,TRUE
New Jersey,2004,republican,46.629463681157794,41.788590583279074,TRUE,TRUE,TRUE
New Jersey,2004,democrat,53.37053631884221,58.211409416720926,FALSE,FALSE,FALSE
New Jersey,2008,republican,42.13537012857605,46.629463681157794,FALSE,FALSE,TRUE
New Jersey,2008,democrat,57.864629871423944,53.37053631884221,TRUE,FALSE,FALSE
New Jersey,2012,republican,41.04803444941423,42.13537012857605,FALSE,FALSE,FALSE
New Jersey,2012,democrat,58.95196555058577,57.864629871423944,TRUE,TRUE,TRUE
New Jersey,2016,republican,42.715809857098705,41.04803444941423,TRUE,FALSE,FALSE
New Jersey,2016,democrat,57.284190142901295,58.95196555058577,FALSE,FALSE,TRUE
New Mexico,1988,republican,52.509915740485354,60.349598129188195,TRUE,FALSE,TRUE
New Mexico,1988,democrat,47.490084259514646,39.6504018708118,FALSE,FALSE,FALSE
New Mexico,1992,republican,44.857843230243596,52.509915740485354,FALSE,TRUE,TRUE
New Mexico,1992,democrat,55.14215676975641,47.490084259514646,TRUE,FALSE,FALSE
New Mexico,1996,republican,45.97586943896841,44.857843230243596,FALSE,FALSE,FALSE
New Mexico,1996,democrat,54.02413056103159,55.14215676975641,TRUE,TRUE,TRUE
New Mexico,2000,republican,49.96807397069086,45.97586943896841,TRUE,FALSE,FALSE
New Mexico,2000,democrat,50.03192602930914,54.02413056103159,FALSE,FALSE,TRUE
New Mexico,2004,republican,50.40033588635489,49.96807397069086,TRUE,TRUE,TRUE
New Mexico,2004,democrat,49.59966411364511,50.03192602930914,FALSE,FALSE,FALSE
New Mexico,2008,republican,42.33509998120241,50.40033588635489,FALSE,FALSE,TRUE
New Mexico,2008,democrat,57.664900018797596,49.59966411364511,TRUE,FALSE,FALSE
New Mexico,2012,republican,44.704795353091306,42.33509998120241,FALSE,FALSE,FALSE
New Mexico,2012,democrat,55.295204646908694,57.664900018797596,TRUE,TRUE,TRUE
New Mexico,2016,republican,45.34920506567589,44.704795353091306,TRUE,FALSE,FALSE
New Mexico,2016,democrat,54.65079493432411,55.295204646908694,FALSE,FALSE,TRUE
New York,1988,republican,46.57794736081207,52.9417178702889,TRUE,FALSE,TRUE
New York,1988,democrat,53.42205263918793,47.0582821297111,FALSE,FALSE,FALSE
New York,1992,republican,37.88917459577507,46.57794736081207,FALSE,TRUE,TRUE
New York,1992,democrat,62.11082540422493,53.42205263918793,TRUE,FALSE,FALSE
New York,1996,republican,32.26797061876419,37.88917459577507,FALSE,FALSE,FALSE
New York,1996,democrat,67.7320293812358,62.11082540422493,TRUE,TRUE,TRUE
New York,2000,republican,36.42400841698931,32.26797061876419,TRUE,FALSE,FALSE
New York,2000,democrat,63.57599158301068,67.7320293812358,FALSE,FALSE,TRUE
New York,2004,republican,40.170209343553886,36.42400841698931,TRUE,TRUE,TRUE
New York,2004,democrat,59.829790656446114,63.57599158301068,FALSE,FALSE,FALSE
New York,2008,republican,34.23614262021574,40.170209343553886,FALSE,FALSE,TRUE
New York,2008,democrat,65.76385737978427,59.829790656446114,TRUE,FALSE,FALSE
New York,2012,republican,33.957305129722606,34.23614262021574,FALSE,FALSE,FALSE
New York,2012,democrat,66.04269487027739,65.76385737978427,TRUE,TRUE,TRUE
New York,2016,republican,36.58849350022463,33.957305129722606,TRUE,FALSE,FALSE
New York,2016,democrat,63.41150649977537,66.04269487027739,FALSE,FALSE,TRUE
North Carolina,1988,republican,58.15753786855,62.02786294988686,TRUE,FALSE,TRUE
North Carolina,1988,democrat,41.84246213144999,37.97213705011314,FALSE,FALSE,FALSE
North Carolina,1992,republican,50.45846427918671,58.15753786855,FALSE,TRUE,TRUE
North Carolina,1992,democrat,49.541535720813286,41.84246213144999,TRUE,FALSE,FALSE
North Carolina,1996,republican,52.52998666973464,50.45846427918671,FALSE,FALSE,FALSE
North Carolina,1996,democrat,47.47001333026536,49.541535720813286,TRUE,TRUE,TRUE
North Carolina,2000,republican,56.46399698150305,52.52998666973464,TRUE,FALSE,FALSE
North Carolina,2000,democrat,43.53600301849695,47.47001333026536,FALSE,FALSE,TRUE
North Carolina,2004,republican,56.24197200184111,56.46399698150305,TRUE,TRUE,TRUE
North Carolina,2004,democrat,43.75802799815888,43.53600301849695,FALSE,FALSE,FALSE
North Carolina,2008,republican,49.83403669993269,56.24197200184111,FALSE,FALSE,TRUE
North Carolina,2008,democrat,50.16596330006732,43.75802799815888,TRUE,FALSE,FALSE
North Carolina,2012,republican,51.034034903005,49.83403669993269,FALSE,FALSE,FALSE
North Carolina,2012,democrat,48.965965096995,50.16596330006732,TRUE,TRUE,TRUE
North Carolina,2016,republican,51.903745803718714,51.034034903005,TRUE,FALSE,FALSE
North Carolina,2016,democrat,48.096254196281286,48.965965096995,FALSE,FALSE,TRUE
North Dakota,1988,republican,56.59535572786767,65.73458238314767,TRUE,FALSE,TRUE
North Dakota,1988,democrat,43.40464427213233,34.265417616852325,FALSE,FALSE,FALSE
North Dakota,1992,republican,57.87470477290877,56.59535572786767,FALSE,TRUE,TRUE
North Dakota,1992,democrat,42.12529522709122,43.40464427213233,TRUE,FALSE,FALSE
North Dakota,1996,republican,53.91131900584165,57.87470477290877,FALSE,FALSE,FALSE
North Dakota,1996,democrat,46.08868099415835,42.12529522709122,TRUE,TRUE,TRUE
North Dakota,2000,republican,64.72739657061628,53.91131900584165,TRUE,FALSE,FALSE
North Dakota,2000,democrat,35.27260342938372,46.08868099415835,FALSE,FALSE,TRUE
North Dakota,2004,republican,63.90935414994329,64.72739657061628,TRUE,TRUE,TRUE
North Dakota,2004,democrat,36.09064585005671,35.27260342938372,FALSE,FALSE,FALSE
North Dakota,2008,republican,54.40865628196813,63.90935414994329,FALSE,FALSE,TRUE
North Dakota,2008,democrat,45.59134371803188,36.09064585005671,TRUE,FALSE,FALSE
North Dakota,2012,republican,60.11120828891173,54.40865628196813,FALSE,FALSE,FALSE
North Dakota,2012,democrat,39.888791711088274,45.59134371803188,TRUE,TRUE,TRUE
North Dakota,2016,republican,69.80924289651973,60.11120828891173,TRUE,FALSE,FALSE
North Dakota,2016,democrat,30.190757103480255,39.888791711088274,FALSE,FALSE,TRUE
Ohio,1988,republican,55.474064650250746,59.47068371906832,TRUE,FALSE,TRUE
Ohio,1988,democrat,44.525935349749254,40.529316280931674,FALSE,FALSE,FALSE
Ohio,1992,republican,48.831836653045485,55.474064650250746,FALSE,TRUE,TRUE
Ohio,1992,democrat,51.16816334695452,44.525935349749254,TRUE,FALSE,FALSE
Ohio,1996,republican,46.40305081827946,48.831836653045485,FALSE,FALSE,FALSE
Ohio,1996,democrat,53.59694918172055,51.16816334695452,TRUE,TRUE,TRUE
Ohio,2000,republican,51.83872222066608,46.40305081827946,TRUE,FALSE,FALSE
Ohio,2000,democrat,48.16127777933392,53.59694918172055,FALSE,FALSE,TRUE
Ohio,2004,republican,51.058744004789204,51.83872222066608,TRUE,TRUE,TRUE
Ohio,2004,democrat,48.94125599521079,48.16127777933392,FALSE,FALSE,FALSE
Ohio,2008,republican,47.66615923774587,51.058744004789204,FALSE,FALSE,TRUE
Ohio,2008,democrat,52.33384076225413,48.94125599521079,TRUE,FALSE,FALSE
Ohio,2012,republican,48.48594323075051,47.66615923774587,FALSE,FALSE,FALSE
Ohio,2012,democrat,51.51405676924949,52.33384076225413,TRUE,TRUE,TRUE
Ohio,2016,republican,54.26768457713591,48.48594323075051,TRUE,FALSE,FALSE
Ohio,2016,democrat,45.7323154228641,51.51405676924949,FALSE,FALSE,TRUE
Oklahoma,1988,republican,58.38981227244167,69.10982584769896,TRUE,FALSE,TRUE
Oklahoma,1988,democrat,41.61018772755833,30.890174152301043,FALSE,FALSE,FALSE
Oklahoma,1992,republican,55.62211830261868,58.38981227244167,FALSE,TRUE,TRUE
Oklahoma,1992,democrat,44.37788169738132,41.61018772755833,TRUE,FALSE,FALSE
Oklahoma,1996,republican,54.40060910670578,55.62211830261868,FALSE,FALSE,FALSE
Oklahoma,1996,democrat,45.59939089329422,44.37788169738132,TRUE,TRUE,TRUE
Oklahoma,2000,republican,61.08067122211892,54.40060910670578,TRUE,FALSE,FALSE
Oklahoma,2000,democrat,38.919328777881084,45.59939089329422,FALSE,FALSE,TRUE
Oklahoma,2004,republican,65.57040166475606,61.08067122211892,TRUE,TRUE,TRUE
Oklahoma,2004,democrat,34.42959833524394,38.919328777881084,FALSE,FALSE,FALSE
Oklahoma,2008,republican,65.64508112269351,65.57040166475606,FALSE,FALSE,TRUE
Oklahoma,2008,democrat,34.3549188773065,34.42959833524394,TRUE,FALSE,FALSE
Oklahoma,2012,republican,66.77231974301657,65.64508112269351,FALSE,FALSE,FALSE
Oklahoma,2012,democrat,33.22768025698344,34.3549188773065,TRUE,TRUE,TRUE
Oklahoma,2016,republican,69.30473723832813,66.77231974301657,TRUE,FALSE,FALSE
Oklahoma,2016,democrat,30.695262761671867,33.22768025698344,FALSE,FALSE,TRUE
Oregon,1988,republican,47.61631920240204,56.104711339337364,TRUE,FALSE,TRUE
Oregon,1988,democrat,52.383680797597954,43.89528866066264,FALSE,FALSE,FALSE
Oregon,1992,republican,43.36610848340718,47.61631920240204,FALSE,TRUE,TRUE
Oregon,1992,democrat,56.63389151659282,52.383680797597954,TRUE,FALSE,FALSE
Oregon,1996,republican,45.30688428034178,43.36610848340718,FALSE,FALSE,FALSE
Oregon,1996,democrat,54.69311571965822,56.63389151659282,TRUE,TRUE,TRUE
Oregon,2000,republican,49.764108014469436,45.30688428034178,TRUE,FALSE,FALSE
Oregon,2000,democrat,50.235891985530564,54.69311571965822,FALSE,FALSE,TRUE
Oregon,2004,republican,47.891374225549924,49.764108014469436,TRUE,TRUE,TRUE
Oregon,2004,democrat,52.108625774450076,50.235891985530564,FALSE,FALSE,FALSE
Oregon,2008,republican,41.58627882277282,47.891374225549924,FALSE,FALSE,TRUE
Oregon,2008,democrat,58.41372117722719,52.108625774450076,TRUE,FALSE,FALSE
Oregon,2012,republican,43.72883282125262,41.58627882277282,FALSE,FALSE,FALSE
Oregon,2012,democrat,56.27116717874738,58.41372117722719,TRUE,TRUE,TRUE
Oregon,2016,republican,43.844161054945644,43.72883282125262,TRUE,FALSE,FALSE
Oregon,2016,democrat,56.155838945054356,56.27116717874738,FALSE,FALSE,TRUE
Pennsylvania,1988,republican,51.16954699533775,53.70073147712166,TRUE,FALSE,TRUE
Pennsylvania,1988,democrat,48.83045300466226,46.29926852287835,FALSE,FALSE,FALSE
Pennsylvania,1992,republican,44.451470538984694,51.16954699533775,FALSE,TRUE,TRUE
Pennsylvania,1992,democrat,55.548529461015306,48.83045300466226,TRUE,FALSE,FALSE
Pennsylvania,1996,republican,44.83879463916745,44.451470538984694,FALSE,FALSE,FALSE
Pennsylvania,1996,democrat,55.16120536083255,55.548529461015306,TRUE,TRUE,TRUE
Pennsylvania,2000,republican,47.85152128319685,44.83879463916745,TRUE,FALSE,FALSE
Pennsylvania,2000,democrat,52.14847871680315,55.16120536083255,FALSE,FALSE,TRUE
Pennsylvania,2004,republican,48.74171790293761,47.85152128319685,TRUE,TRUE,TRUE
Pennsylvania,2004,democrat,51.25828209706239,52.14847871680315,FALSE,FALSE,FALSE
Pennsylvania,2008,republican,44.77029618451555,48.74171790293761,FALSE,FALSE,TRUE
Pennsylvania,2008,democrat,55.229703815484456,51.25828209706239,TRUE,FALSE,FALSE
Pennsylvania,2012,republican,47.26806599810817,44.77029618451555,FALSE,FALSE,FALSE
Pennsylvania,2012,democrat,52.73193400189182,55.229703815484456,TRUE,TRUE,TRUE
Pennsylvania,2016,republican,50.37553580749017,47.26806599810817,TRUE,FALSE,FALSE
Pennsylvania,2016,democrat,49.62446419250984,52.73193400189182,FALSE,FALSE,TRUE
Rhode Island,1988,republican,44.12212944668937,51.82973024492529,TRUE,FALSE,TRUE
Rhode Island,1988,democrat,55.87787055331063,48.170269755074706,FALSE,FALSE,FALSE
Rhode Island,1992,republican,38.15627718179183,44.12212944668937,FALSE,TRUE,TRUE
Rhode Island,1992,democrat,61.84372281820818,55.87787055331063,TRUE,FALSE,FALSE
Rhode Island,1996,republican,30.99578661250159,38.15627718179183,FALSE,FALSE,FALSE
Rhode Island,1996,democrat,69.0042133874984,61.84372281820818,TRUE,TRUE,TRUE
Rhode Island,2000,republican,34.350883932400684,30.99578661250159,TRUE,FALSE,FALSE
Rhode Island,2000,democrat,65.64911606759932,69.0042133874984,FALSE,FALSE,TRUE
Rhode Island,2004,republican,39.42248942412186,34.350883932400684,TRUE,TRUE,TRUE
Rhode Island,2004,democrat,60.57751057587814,65.64911606759932,FALSE,FALSE,FALSE
Rhode Island,2008,republican,35.801862490854226,39.42248942412186,FALSE,FALSE,TRUE
Rhode Island,2008,democrat,64.19813750914577,60.57751057587814,TRUE,FALSE,FALSE
Rhode Island,2012,republican,35.98325402111788,35.801862490854226,FALSE,FALSE,FALSE
Rhode Island,2012,democrat,64.01674597888211,64.19813750914577,TRUE,TRUE,TRUE
Rhode Island,2016,republican,41.68929590734018,35.98325402111788,TRUE,FALSE,FALSE
Rhode Island,2016,democrat,58.31070409265982,64.01674597888211,FALSE,FALSE,TRUE
South Carolina,1988,republican,62.072145564418314,64.11877941412378,TRUE,FALSE,TRUE
South Carolina,1988,democrat,37.927854435581686,35.88122058587622,FALSE,FALSE,FALSE
South Carolina,1992,republican,52.35684542724029,62.072145564418314,FALSE,TRUE,TRUE
South Carolina,1992,democrat,47.64315457275972,37.927854435581686,TRUE,FALSE,FALSE
South Carolina,1996,republican,53.111975921985454,52.35684542724029,FALSE,FALSE,FALSE
South Carolina,1996,democrat,46.888024078014546,47.64315457275972,TRUE,TRUE,TRUE
South Carolina,2000,republican,58.162106067650264,53.111975921985454,TRUE,FALSE,FALSE
South Carolina,2000,democrat,41.83789393234974,46.888024078014546,FALSE,FALSE,TRUE
South Carolina,2004,republican,58.636458259749205,58.162106067650264,TRUE,TRUE,TRUE
South Carolina,2004,democrat,41.363541740250795,41.83789393234974,FALSE,FALSE,FALSE
South Carolina,2008,republican,54.54442918920913,58.636458259749205,FALSE,FALSE,TRUE
South Carolina,2008,democrat,45.45557081079087,41.363541740250795,TRUE,FALSE,FALSE
South Carolina,2012,republican,55.30825470456537,54.54442918920913,FALSE,FALSE,FALSE
South Carolina,2012,democrat,44.69174529543463,45.45557081079087,TRUE,TRUE,TRUE
South Carolina,2016,republican,57.46025636052402,55.30825470456537,TRUE,FALSE,FALSE
South Carolina,2016,democrat,42.53974363947598,44.69174529543463,FALSE,FALSE,TRUE
South Dakota,1988,republican,53.19237880858589,63.29951324356786,TRUE,FALSE,TRUE
South Dakota,1988,democrat,46.8076211914141,36.70048675643214,FALSE,FALSE,FALSE
South Dakota,1992,republican,52.26103376833865,53.19237880858589,FALSE,TRUE,TRUE
South Dakota,1992,democrat,47.73896623166135,46.8076211914141,TRUE,FALSE,FALSE
South Dakota,1996,republican,51.93358539513447,52.26103376833865,FALSE,FALSE,FALSE
South Dakota,1996,democrat,48.06641460486553,47.73896623166135,TRUE,TRUE,TRUE
South Dakota,2000,republican,61.61471257237386,51.93358539513447,TRUE,FALSE,FALSE
South Dakota,2000,democrat,38.38528742762614,48.06641460486553,FALSE,FALSE,TRUE
South Dakota,2004,republican,60.91329080109369,61.61471257237386,TRUE,TRUE,TRUE
South Dakota,2004,democrat,39.08670919890632,38.38528742762614,FALSE,FALSE,FALSE
South Dakota,2008,republican,54.295707234115376,60.91329080109369,FALSE,FALSE,TRUE
South Dakota,2008,democrat,45.704292765884624,39.08670919890632,TRUE,FALSE,FALSE
South Dakota,2012,republican,59.21849913819525,54.295707234115376,FALSE,FALSE,FALSE
South Dakota,2012,democrat,40.78150086180476,45.704292765884624,TRUE,TRUE,TRUE
South Dakota,2016,republican,65.97185807943126,59.21849913819525,TRUE,FALSE,FALSE
South Dakota,2016,democrat,34.02814192056875,40.78150086180476,FALSE,FALSE,TRUE
Tennessee,1988,republican,58.218640501970775,58.181848094452995,TRUE,FALSE,TRUE
Tennessee,1988,democrat,41.78135949802923,41.818151905547005,FALSE,FALSE,FALSE
Tennessee,1992,republican,47.40196335292404,58.218640501970775,FALSE,TRUE,TRUE
Tennessee,1992,democrat,52.598036647075965,41.78135949802923,TRUE,FALSE,FALSE
Tennessee,1996,republican,48.713357658139444,47.40196335292404,FALSE,FALSE,FALSE
Tennessee,1996,democrat,51.286642341860556,52.598036647075965,TRUE,TRUE,TRUE
Tennessee,2000,republican,51.96286678517901,48.713357658139444,TRUE,FALSE,FALSE
Tennessee,2000,democrat,48.03713321482099,51.286642341860556,FALSE,FALSE,TRUE
Tennessee,2004,republican,57.18544545474072,51.96286678517901,TRUE,TRUE,TRUE
Tennessee,2004,democrat,42.81455454525927,48.03713321482099,FALSE,FALSE,FALSE
Tennessee,2008,republican,57.63147180235446,57.18544545474072,FALSE,FALSE,TRUE
Tennessee,2008,democrat,42.36852819764554,42.81455454525927,TRUE,FALSE,FALSE
Tennessee,2012,republican,60.35107152629404,57.63147180235446,FALSE,FALSE,FALSE
Tennessee,2012,democrat,39.64892847370595,42.36852819764554,TRUE,TRUE,TRUE
Tennessee,2016,republican,63.62434304526199,60.35107152629404,TRUE,FALSE,FALSE
Tennessee,2016,democrat,36.37565695473801,39.64892847370595,FALSE,FALSE,TRUE
Texas,1988,republican,56.34633293113727,63.78630517301341,TRUE,FALSE,TRUE
Texas,1988,democrat,43.65366706886273,36.21369482698659,FALSE,FALSE,FALSE
Texas,1992,republican,52.2421631658855,56.34633293113727,FALSE,TRUE,TRUE
Texas,1992,democrat,47.75783683411451,43.65366706886273,TRUE,FALSE,FALSE
Texas,1996,republican,52.660623382122274,52.2421631658855,FALSE,FALSE,FALSE
Texas,1996,democrat,47.33937661787773,47.75783683411451,TRUE,TRUE,TRUE
Texas,2000,republican,60.95627014856294,52.660623382122274,TRUE,FALSE,FALSE
Texas,2000,democrat,39.04372985143706,47.33937661787773,FALSE,FALSE,TRUE
Texas,2004,republican,61.51019189710992,60.95627014856294,TRUE,TRUE,TRUE
Texas,2004,democrat,38.48980810289008,39.04372985143706,FALSE,FALSE,FALSE
Texas,2008,republican,55.93593675094072,61.51019189710992,FALSE,FALSE,TRUE
Texas,2008,democrat,44.06406324905928,38.48980810289008,TRUE,FALSE,FALSE
Texas,2012,republican,58.00789721510638,55.93593675094072,FALSE,FALSE,FALSE
Texas,2012,democrat,41.99210278489362,44.06406324905928,TRUE,TRUE,TRUE
Texas,2016,republican,54.71322557797199,58.00789721510638,TRUE,FALSE,FALSE
Texas,2016,democrat,45.28677442202802,41.99210278489362,FALSE,FALSE,TRUE
Utah,1988,republican,67.38787483190072,75.12002100968175,TRUE,FALSE,TRUE
Utah,1988,democrat,32.612125168099276,24.879978990318254,FALSE,FALSE,FALSE
Utah,1992,republican,63.75357911398033,67.38787483190072,FALSE,TRUE,TRUE
Utah,1992,democrat,36.24642088601967,32.612125168099276,TRUE,FALSE,FALSE
Utah,1996,republican,62.019487819256135,63.75357911398033,FALSE,FALSE,FALSE
Utah,1996,democrat,37.98051218074387,36.24642088601967,TRUE,TRUE,TRUE
Utah,2000,republican,71.72550543132414,62.019487819256135,TRUE,FALSE,FALSE
Utah,2000,democrat,28.274494568675863,37.98051218074387,FALSE,FALSE,TRUE
Utah,2004,republican,73.34643916012205,71.72550543132414,TRUE,TRUE,TRUE
Utah,2004,democrat,26.65356083987796,28.274494568675863,FALSE,FALSE,FALSE
Utah,2008,republican,64.52636137274007,73.34643916012205,FALSE,FALSE,TRUE
Utah,2008,democrat,35.47363862725994,26.65356083987796,TRUE,FALSE,FALSE
Utah,2012,republican,74.62618889514748,64.52636137274007,FALSE,FALSE,FALSE
Utah,2012,democrat,25.373811104852518,35.47363862725994,TRUE,TRUE,TRUE
Utah,2016,republican,62.382898345411284,74.62618889514748,TRUE,FALSE,FALSE
Utah,2016,democrat,37.617101654588716,25.373811104852518,FALSE,FALSE,TRUE
Vermont,1988,republican,51.781713076724444,58.664910727779095,TRUE,FALSE,TRUE
Vermont,1988,democrat,48.218286923275556,41.335089272220905,FALSE,FALSE,FALSE
Vermont,1992,republican,39.745798641493096,51.781713076724444,FALSE,TRUE,TRUE
Vermont,1992,democrat,60.25420135850691,48.218286923275556,TRUE,FALSE,FALSE
Vermont,1996,republican,36.81716961593798,39.745798641493096,FALSE,FALSE,FALSE
Vermont,1996,democrat,63.182830384062015,60.25420135850691,TRUE,TRUE,TRUE
Vermont,2000,republican,44.5596491032266,36.81716961593798,TRUE,FALSE,FALSE
Vermont,2000,democrat,55.4403508967734,63.182830384062015,FALSE,FALSE,TRUE
Vermont,2004,republican,39.69899786074883,44.5596491032266,TRUE,TRUE,TRUE
Vermont,2004,democrat,60.30100213925116,55.4403508967734,FALSE,FALSE,FALSE
Vermont,2008,republican,31.1008182606619,39.69899786074883,FALSE,FALSE,TRUE
Vermont,2008,democrat,68.8991817393381,60.30100213925116,TRUE,FALSE,FALSE
Vermont,2012,republican,31.752741173609373,31.1008182606619,FALSE,FALSE,FALSE
Vermont,2012,democrat,68.24725882639062,68.8991817393381,TRUE,TRUE,TRUE
Vermont,2016,republican,34.81357367617963,31.752741173609373,TRUE,FALSE,FALSE
Vermont,2016,democrat,65.18642632382037,68.24725882639062,FALSE,FALSE,TRUE
Virginia,1988,republican,60.35894605758241,62.67568793921985,TRUE,FALSE,TRUE
Virginia,1988,democrat,39.64105394241759,37.32431206078015,FALSE,FALSE,FALSE
Virginia,1992,republican,52.55501293414344,60.35894605758241,FALSE,TRUE,TRUE
Virginia,1992,democrat,47.44498706585656,39.64105394241759,TRUE,FALSE,FALSE
Virginia,1996,republican,51.060594507066895,52.55501293414344,FALSE,FALSE,FALSE
Virginia,1996,democrat,48.939405492933105,47.44498706585656,TRUE,TRUE,TRUE
Virginia,2000,republican,54.147236305833246,51.060594507066895,TRUE,FALSE,FALSE
Virginia,2000,democrat,45.85276369416675,48.939405492933105,FALSE,FALSE,TRUE
Virginia,2004,republican,54.13369671353006,54.147236305833246,TRUE,TRUE,TRUE
Virginia,2004,democrat,45.866303286469936,45.85276369416675,FALSE,FALSE,FALSE
Virginia,2008,republican,46.81741559387245,54.13369671353006,FALSE,FALSE,TRUE
Virginia,2008,democrat,53.18258440612755,45.866303286469936,TRUE,FALSE,FALSE
Virginia,2012,republican,48.03262331123552,46.81741559387245,FALSE,FALSE,FALSE
Virginia,2012,democrat,51.967376688764475,53.18258440612755,TRUE,TRUE,TRUE
Virginia,2016,republican,47.1736237228453,48.03262331123552,TRUE,FALSE,FALSE
Virginia,2016,democrat,52.826376277154694,51.967376688764475,FALSE,FALSE,TRUE
Washington,1988,republican,49.19228824541418,56.84635101636629,TRUE,FALSE,TRUE
Washington,1988,democrat,50.80771175458582,43.15364898363371,FALSE,FALSE,FALSE
Washington,1992,republican,42.40829892748877,49.19228824541418,FALSE,TRUE,TRUE
Washington,1992,democrat,57.59170107251123,50.80771175458582,TRUE,FALSE,FALSE
Washington,1996,republican,42.80534715521872,42.40829892748877,FALSE,FALSE,FALSE
Washington,1996,democrat,57.19465284478128,57.59170107251123,TRUE,TRUE,TRUE
Washington,2000,republican,47.055228990594586,42.80534715521872,TRUE,FALSE,FALSE
Washington,2000,democrat,52.944771009405414,57.19465284478128,FALSE,FALSE,TRUE
Washington,2004,republican,46.353462316547045,47.055228990594586,TRUE,TRUE,TRUE
Washington,2004,democrat,53.646537683452955,52.944771009405414,FALSE,FALSE,FALSE
Washington,2008,republican,41.24797319789105,46.353462316547045,FALSE,FALSE,TRUE
Washington,2008,democrat,58.75202680210895,53.646537683452955,TRUE,FALSE,FALSE
Washington,2012,republican,42.37170172937815,41.24797319789105,FALSE,FALSE,FALSE
Washington,2012,democrat,57.62829827062185,58.75202680210895,TRUE,TRUE,TRUE
Washington,2016,republican,41.21306879993523,42.37170172937815,TRUE,FALSE,FALSE
Washington,2016,democrat,58.786931200064764,57.62829827062185,FALSE,FALSE,TRUE
West Virginia,1988,republican,47.623106802379425,55.27243432459842,TRUE,FALSE,TRUE
West Virginia,1988,democrat,52.376893197620575,44.72756567540158,FALSE,FALSE,FALSE
West Virginia,1992,republican,42.23116191805925,47.623106802379425,FALSE,TRUE,TRUE
West Virginia,1992,democrat,57.76883808194074,52.376893197620575,TRUE,FALSE,FALSE
West Virginia,1996,republican,41.645334823892135,42.23116191805925,FALSE,FALSE,FALSE
West Virginia,1996,democrat,58.35466517610786,57.76883808194074,TRUE,TRUE,TRUE
West Virginia,2000,republican,53.24207401593741,41.645334823892135,TRUE,FALSE,FALSE
West Virginia,2000,democrat,46.75792598406259,58.35466517610786,FALSE,FALSE,TRUE
West Virginia,2004,republican,56.47971062974548,53.24207401593741,TRUE,TRUE,TRUE
West Virginia,2004,democrat,43.52028937025452,46.75792598406259,FALSE,FALSE,FALSE
West Virginia,2008,republican,56.67374376713725,56.47971062974548,FALSE,FALSE,TRUE
West Virginia,2008,democrat,43.32625623286275,43.52028937025452,TRUE,FALSE,FALSE
West Virginia,2012,republican,63.67429763204273,56.67374376713725,FALSE,FALSE,FALSE
West Virginia,2012,democrat,36.32570236795726,43.32625623286275,TRUE,TRUE,TRUE
West Virginia,2016,republican,72.16105225129577,63.67429763204273,TRUE,FALSE,FALSE
West Virginia,2016,democrat,27.838947748704225,36.32570236795726,FALSE,FALSE,TRUE
Wisconsin,1988,republican,48.17653370543896,54.62201570962173,TRUE,FALSE,TRUE
Wisconsin,1988,democrat,51.82346629456104,45.377984290378265,FALSE,FALSE,FALSE
Wisconsin,1992,republican,47.20549149788455,48.17653370543896,FALSE,TRUE,TRUE
Wisconsin,1992,democrat,52.79450850211545,51.82346629456104,TRUE,FALSE,FALSE
Wisconsin,1996,republican,44.08080333854982,47.20549149788455,FALSE,FALSE,FALSE
Wisconsin,1996,democrat,55.91919666145019,52.79450850211545,TRUE,TRUE,TRUE
Wisconsin,2000,republican,49.884931696842195,44.08080333854982,TRUE,FALSE,FALSE
Wisconsin,2000,democrat,50.115068303157805,55.91919666145019,FALSE,FALSE,TRUE
Wisconsin,2004,republican,49.80819672573075,49.884931696842195,TRUE,TRUE,TRUE
Wisconsin,2004,democrat,50.19180327426924,50.115068303157805,FALSE,FALSE,FALSE
Wisconsin,2008,republican,42.94432175218159,49.80819672573075,FALSE,FALSE,TRUE
Wisconsin,2008,democrat,57.055678247818406,50.19180327426924,TRUE,FALSE,FALSE
Wisconsin,2012,republican,46.53657001712759,42.94432175218159,FALSE,FALSE,FALSE
Wisconsin,2012,democrat,53.46342998287241,57.055678247818406,TRUE,TRUE,TRUE
Wisconsin,2016,republican,50.40798903802971,46.53657001712759,TRUE,FALSE,FALSE
Wisconsin,2016,democrat,49.59201096197028,53.46342998287241,FALSE,FALSE,TRUE
Wyoming,1988,republican,61.42487642257731,71.40039976207191,TRUE,FALSE,TRUE
Wyoming,1988,democrat,38.575123577422694,28.599600237928097,FALSE,FALSE,FALSE
Wyoming,1992,republican,53.79202342939657,61.42487642257731,FALSE,TRUE,TRUE
Wyoming,1992,democrat,46.20797657060343,38.575123577422694,TRUE,FALSE,FALSE
Wyoming,1996,republican,57.48791743489598,53.79202342939657,FALSE,FALSE,FALSE
Wyoming,1996,democrat,42.51208256510402,46.20797657060343,TRUE,TRUE,TRUE
Wyoming,2000,republican,70.98230564031705,57.48791743489598,TRUE,FALSE,FALSE
Wyoming,2000,democrat,29.01769435968296,42.51208256510402,FALSE,FALSE,TRUE
Wyoming,2004,republican,70.31270317317171,70.98230564031705,TRUE,TRUE,TRUE
Wyoming,2004,democrat,29.687296826828298,29.01769435968296,FALSE,FALSE,FALSE
Wyoming,2008,republican,66.56202335509592,70.31270317317171,FALSE,FALSE,TRUE
Wyoming,2008,democrat,33.43797664490409,29.687296826828298,TRUE,FALSE,FALSE
Wyoming,2012,republican,71.16063401152142,66.56202335509592,FALSE,FALSE,FALSE
Wyoming,2012,democrat,28.839365988478573,33.43797664490409,TRUE,TRUE,TRUE
Wyoming,2016,republican,75.70531962915379,71.16063401152142,TRUE,FALSE,FALSE
Wyoming,2016,democrat,24.294680370846212,28.839365988478573,FALSE,FALSE,TRUE
